target,lag,pair,pct_missing,pct_valid,tipo
target_0,1,US_Stock_VT_adj_close,0.06833248342682305,0.9316675165731769,individual
target_1,1,LME_PB_Close - US_Stock_VT_adj_close,0.09026007139214687,0.9097399286078531,individual
target_2,1,LME_CA_Close - LME_ZS_Close,0.04385517593064763,0.9561448240693524,individual
target_3,1,LME_AH_Close - LME_ZS_Close,0.04385517593064763,0.9561448240693524,individual
target_4,1,LME_AH_Close - JPX_Gold_Standard_Futures_Close,0.14686384497705252,0.8531361550229475,individual
target_5,1,LME_ZS_Close - JPX_Platinum_Standard_Futures_Close,0.14686384497705252,0.8531361550229475,individual
target_6,1,LME_PB_Close - LME_AH_Close,0.04385517593064763,0.9561448240693524,individual
target_7,1,LME_ZS_Close - US_Stock_VYM_adj_close,0.09026007139214687,0.9097399286078531,individual
target_8,1,US_Stock_IEMG_adj_close - JPX_Gold_Standard_Futures_Close,0.17134115247322795,0.828658847526772,individual
target_9,1,FX_AUDJPY - LME_PB_Close,0.04385517593064763,0.9561448240693524,individual
target_10,1,JPX_Platinum_Standard_Futures_Close - US_Stock_VGIT_adj_close,0.17134115247322795,0.828658847526772,individual
target_11,1,FX_EURAUD - LME_CA_Close,0.04385517593064763,0.9561448240693524,individual
target_12,1,JPX_Platinum_Standard_Futures_Close - FX_CADCHF,0.1055583885772565,0.8944416114227435,individual
target_13,1,LME_PB_Close - FX_ZARCHF,0.04385517593064763,0.9561448240693524,individual
target_14,1,JPX_Platinum_Standard_Futures_Close - FX_NZDJPY,0.1055583885772565,0.8944416114227435,individual
target_15,1,FX_CHFJPY - LME_AH_Close,0.04385517593064763,0.9561448240693524,individual
target_16,1,US_Stock_VTV_adj_close - LME_ZS_Close,0.09026007139214687,0.9097399286078531,individual
target_17,1,US_Stock_OIH_adj_close - JPX_Gold_Standard_Futures_Close,0.17134115247322795,0.828658847526772,individual
target_18,1,LME_AH_Close - FX_ZARUSD,0.04385517593064763,0.9561448240693524,individual
target_19,1,JPX_Gold_Standard_Futures_Close - FX_USDJPY,0.1055583885772565,0.8944416114227435,individual
target_20,1,LME_ZS_Close - FX_AUDCHF,0.04385517593064763,0.9561448240693524,individual
target_21,1,LME_AH_Close - US_Stock_SLV_adj_close,0.09026007139214687,0.9097399286078531,individual
target_22,1,US_Stock_BKR_adj_close - JPX_Platinum_Standard_Futures_Close,0.17134115247322795,0.828658847526772,individual
target_23,1,FX_GBPJPY - LME_CA_Close,0.04385517593064763,0.9561448240693524,individual
target_24,1,US_Stock_URA_adj_close - JPX_Platinum_Standard_Futures_Close,0.17134115247322795,0.828658847526772,individual
target_25,1,LME_AH_Close - US_Stock_VEA_adj_close,0.09026007139214687,0.9097399286078531,individual
target_26,1,FX_ZARJPY - LME_CA_Close,0.04385517593064763,0.9561448240693524,individual
target_27,1,US_Stock_OKE_adj_close - LME_ZS_Close,0.09026007139214687,0.9097399286078531,individual
target_28,1,US_Stock_CVX_adj_close - LME_ZS_Close,0.09026007139214687,0.9097399286078531,individual
target_29,1,FX_CADUSD - LME_AH_Close,0.04385517593064763,0.9561448240693524,individual
target_30,1,LME_ZS_Close - US_Stock_CCJ_adj_close,0.09026007139214687,0.9097399286078531,individual
target_31,1,LME_ZS_Close - US_Stock_GLD_adj_close,0.09026007139214687,0.9097399286078531,individual
target_32,1,LME_ZS_Close - US_Stock_FCX_adj_close,0.09026007139214687,0.9097399286078531,individual
target_33,1,JPX_Gold_Standard_Futures_Close - US_Stock_EWY_adj_close,0.17134115247322795,0.828658847526772,individual
target_34,1,FX_AUDCAD - JPX_Platinum_Standard_Futures_Close,0.1055583885772565,0.8944416114227435,individual
target_35,1,US_Stock_VWO_adj_close - JPX_Gold_Standard_Futures_Close,0.17134115247322795,0.828658847526772,individual
target_36,1,LME_PB_Close - FX_NOKUSD,0.04385517593064763,0.9561448240693524,individual
target_37,1,LME_CA_Close - US_Stock_VGK_adj_close,0.09026007139214687,0.9097399286078531,individual
target_38,1,US_Stock_RIO_adj_close - JPX_Platinum_Standard_Futures_Close,0.17134115247322795,0.828658847526772,individual
target_39,1,FX_EURCAD - LME_AH_Close,0.04385517593064763,0.9561448240693524,individual
target_40,1,LME_CA_Close - US_Stock_HL_adj_close,0.09026007139214687,0.9097399286078531,individual
target_41,1,LME_ZS_Close - US_Stock_TECK_adj_close,0.09026007139214687,0.9097399286078531,individual
target_42,1,US_Stock_ALB_adj_close - LME_AH_Close,0.09026007139214687,0.9097399286078531,individual
target_43,1,FX_ZARGBP - LME_AH_Close,0.04385517593064763,0.9561448240693524,individual
target_44,1,JPX_Gold_Standard_Futures_Close - FX_NOKGBP,0.1055583885772565,0.8944416114227435,individual
target_45,1,LME_CA_Close - FX_NOKEUR,0.04385517593064763,0.9561448240693524,individual
target_46,1,US_Stock_EEM_adj_close - LME_PB_Close,0.09026007139214687,0.9097399286078531,individual
target_47,1,US_Stock_DE_adj_close - LME_CA_Close,0.09026007139214687,0.9097399286078531,individual
target_48,1,LME_CA_Close - US_Stock_EWZ_adj_close,0.09026007139214687,0.9097399286078531,individual
target_49,1,LME_PB_Close - US_Stock_STLD_adj_close,0.09026007139214687,0.9097399286078531,individual
target_50,1,US_Stock_SLB_adj_close - JPX_Gold_Standard_Futures_Close,0.17134115247322795,0.828658847526772,individual
target_51,1,JPX_Gold_Standard_Futures_Close - US_Stock_AMP_adj_close,0.17134115247322795,0.828658847526772,individual
target_52,1,US_Stock_CAT_adj_close - JPX_Gold_Standard_Futures_Close,0.17134115247322795,0.828658847526772,individual
target_53,1,US_Stock_EOG_adj_close - LME_AH_Close,0.09026007139214687,0.9097399286078531,individual
target_54,1,US_Stock_TIP_adj_close - JPX_Platinum_Standard_Futures_Close,0.17134115247322795,0.828658847526772,individual
target_55,1,LME_ZS_Close - US_Stock_MS_adj_close,0.09026007139214687,0.9097399286078531,individual
target_56,1,FX_NZDUSD - LME_ZS_Close,0.04385517593064763,0.9561448240693524,individual
target_57,1,JPX_Platinum_Standard_Futures_Close - US_Stock_JNK_adj_close,0.17134115247322795,0.828658847526772,individual
target_58,1,US_Stock_ENB_adj_close - JPX_Gold_Standard_Futures_Close,0.17134115247322795,0.828658847526772,individual
target_59,1,JPX_Gold_Standard_Futures_Close - US_Stock_VXUS_adj_close,0.17134115247322795,0.828658847526772,individual
target_60,1,LME_AH_Close - FX_NOKCHF,0.04385517593064763,0.9561448240693524,individual
target_61,1,LME_AH_Close - US_Stock_BNDX_adj_close,0.09026007139214687,0.9097399286078531,individual
target_62,1,JPX_Gold_Standard_Futures_Close - US_Stock_HES_adj_close,0.17389087200407954,0.8261091279959205,individual
target_63,1,US_Stock_COP_adj_close - JPX_Gold_Standard_Futures_Close,0.17134115247322795,0.828658847526772,individual
target_64,1,FX_CADJPY - LME_AH_Close,0.04385517593064763,0.9561448240693524,individual
target_65,1,US_Stock_OXY_adj_close - LME_ZS_Close,0.09026007139214687,0.9097399286078531,individual
target_66,1,US_Stock_RSP_adj_close - JPX_Platinum_Standard_Futures_Close,0.17134115247322795,0.828658847526772,individual
target_67,1,JPX_Gold_Standard_Futures_Close - US_Stock_HAL_adj_close,0.17134115247322795,0.828658847526772,individual
target_68,1,FX_EURUSD - JPX_Gold_Standard_Futures_Close,0.1055583885772565,0.8944416114227435,individual
target_69,1,LME_CA_Close - FX_NZDCHF,0.04385517593064763,0.9561448240693524,individual
target_70,1,FX_USDCHF - JPX_Gold_Standard_Futures_Close,0.1055583885772565,0.8944416114227435,individual
target_71,1,FX_EURNZD - JPX_Gold_Standard_Futures_Close,0.1055583885772565,0.8944416114227435,individual
target_72,1,LME_AH_Close - US_Stock_TD_adj_close,0.09026007139214687,0.9097399286078531,individual
target_73,1,LME_CA_Close - US_Stock_RY_adj_close,0.09026007139214687,0.9097399286078531,individual
target_74,1,FX_ZAREUR - LME_CA_Close,0.04385517593064763,0.9561448240693524,individual
target_75,1,LME_ZS_Close - US_Stock_XLB_adj_close,0.09026007139214687,0.9097399286078531,individual
target_76,1,LME_ZS_Close - FX_EURGBP,0.04385517593064763,0.9561448240693524,individual
target_77,1,LME_PB_Close - US_Stock_VALE_adj_close,0.09026007139214687,0.9097399286078531,individual
target_78,1,US_Stock_CLF_adj_close - JPX_Platinum_Standard_Futures_Close,0.17134115247322795,0.828658847526772,individual
target_79,1,LME_ZS_Close - US_Stock_DVN_adj_close,0.09026007139214687,0.9097399286078531,individual
target_80,1,JPX_Gold_Standard_Futures_Close - US_Stock_ACWI_adj_close,0.17134115247322795,0.828658847526772,individual
target_81,1,FX_GBPUSD - JPX_Gold_Standard_Futures_Close,0.1055583885772565,0.8944416114227435,individual
target_82,1,JPX_Gold_Standard_Futures_Close - US_Stock_X_adj_close,0.18306986231514533,0.8169301376848547,individual
target_83,1,US_Stock_MPC_adj_close - LME_PB_Close,0.09026007139214687,0.9097399286078531,individual
target_84,1,FX_NOKJPY - LME_ZS_Close,0.04385517593064763,0.9561448240693524,individual
target_85,1,JPX_Gold_Standard_Futures_Close - US_Stock_CVE_adj_close,0.17134115247322795,0.828658847526772,individual
target_86,1,LME_AH_Close - FX_EURCHF,0.04385517593064763,0.9561448240693524,individual
target_87,1,FX_EURJPY - LME_ZS_Close,0.04385517593064763,0.9561448240693524,individual
target_88,1,LME_AH_Close - US_Stock_NEM_adj_close,0.09026007139214687,0.9097399286078531,individual
target_89,1,LME_AH_Close - FX_GBPNZD,0.04385517593064763,0.9561448240693524,individual
target_90,1,US_Stock_LYB_adj_close - LME_AH_Close,0.09026007139214687,0.9097399286078531,individual
target_91,1,US_Stock_NUE_adj_close - LME_AH_Close,0.09026007139214687,0.9097399286078531,individual
target_92,1,JPX_Platinum_Standard_Futures_Close - US_Stock_EFA_adj_close,0.17134115247322795,0.828658847526772,individual
target_93,1,LME_AH_Close - US_Stock_XLE_adj_close,0.09026007139214687,0.9097399286078531,individual
target_94,1,US_Stock_EWJ_adj_close - LME_AH_Close,0.09026007139214687,0.9097399286078531,individual
target_95,1,LME_AH_Close - US_Stock_TRGP_adj_close,0.09026007139214687,0.9097399286078531,individual
target_96,1,US_Stock_EWT_adj_close - LME_PB_Close,0.09026007139214687,0.9097399286078531,individual
target_97,1,LME_PB_Close - US_Stock_WMB_adj_close,0.09026007139214687,0.9097399286078531,individual
target_98,1,LME_CA_Close - US_Stock_XOM_adj_close,0.09026007139214687,0.9097399286078531,individual
target_99,1,JPX_Gold_Standard_Futures_Close - US_Stock_KMI_adj_close,0.17134115247322795,0.828658847526772,individual
target_100,1,US_Stock_SCCO_adj_close - LME_AH_Close,0.09026007139214687,0.9097399286078531,individual
target_101,1,JPX_Platinum_Standard_Futures_Close - FX_AUDUSD,0.1055583885772565,0.8944416114227435,individual
target_102,1,LME_ZS_Close - US_Stock_IEF_adj_close,0.09026007139214687,0.9097399286078531,individual
target_103,1,US_Stock_SPYV_adj_close - LME_CA_Close,0.09026007139214687,0.9097399286078531,individual
target_104,1,US_Stock_WPM_adj_close - JPX_Gold_Standard_Futures_Close,0.17134115247322795,0.828658847526772,individual
target_105,1,US_Stock_IAU_adj_close - LME_CA_Close,0.09026007139214687,0.9097399286078531,individual
target_106,2,US_Stock_VXUS_adj_close,0.06833248342682305,0.9316675165731769,individual
target_107,2,LME_ZS_Close - US_Stock_VXUS_adj_close,0.098419173890872,0.901580826109128,individual
target_108,2,LME_ZS_Close - LME_PB_Close,0.05201427842937277,0.9479857215706272,individual
target_109,2,LME_AH_Close - JPX_Gold_Standard_Futures_Close,0.16012238653748087,0.8398776134625191,individual
target_110,2,JPX_Platinum_Standard_Futures_Close - LME_AH_Close,0.16012238653748087,0.8398776134625191,individual
target_111,2,JPX_Gold_Standard_Futures_Close - LME_ZS_Close,0.16012238653748087,0.8398776134625191,individual
target_112,2,JPX_Gold_Standard_Futures_Close - LME_CA_Close,0.16012238653748087,0.8398776134625191,individual
target_113,2,JPX_Gold_Standard_Futures_Close - FX_AUDCAD,0.11116777154513004,0.88883222845487,individual
target_114,2,JPX_Platinum_Standard_Futures_Close - FX_NZDCHF,0.11116777154513004,0.88883222845487,individual
target_115,2,FX_ZARGBP - JPX_Gold_Standard_Futures_Close,0.11116777154513004,0.88883222845487,individual
target_116,2,LME_ZS_Close - FX_USDJPY,0.05201427842937277,0.9479857215706272,individual
target_117,2,LME_CA_Close - FX_ZAREUR,0.05201427842937277,0.9479857215706272,individual
target_118,2,FX_EURCAD - LME_ZS_Close,0.05201427842937277,0.9479857215706272,individual
target_119,2,LME_CA_Close - FX_CADCHF,0.05201427842937277,0.9479857215706272,individual
target_120,2,LME_AH_Close - FX_AUDCHF,0.05201427842937277,0.9479857215706272,individual
target_121,2,US_Stock_EOG_adj_close - JPX_Gold_Standard_Futures_Close,0.17644059153493116,0.8235594084650688,individual
target_122,2,US_Stock_EWJ_adj_close - JPX_Gold_Standard_Futures_Close,0.17644059153493116,0.8235594084650688,individual
target_123,2,JPX_Platinum_Standard_Futures_Close - US_Stock_XOM_adj_close,0.17644059153493116,0.8235594084650688,individual
target_124,2,LME_ZS_Close - US_Stock_AMP_adj_close,0.098419173890872,0.901580826109128,individual
target_125,2,FX_GBPNZD - LME_CA_Close,0.05201427842937277,0.9479857215706272,individual
target_126,2,LME_AH_Close - US_Stock_WMB_adj_close,0.098419173890872,0.901580826109128,individual
target_127,2,LME_ZS_Close - FX_EURCHF,0.05201427842937277,0.9479857215706272,individual
target_128,2,JPX_Platinum_Standard_Futures_Close - US_Stock_EWY_adj_close,0.17644059153493116,0.8235594084650688,individual
target_129,2,FX_ZARJPY - LME_PB_Close,0.05201427842937277,0.9479857215706272,individual
target_130,2,JPX_Platinum_Standard_Futures_Close - US_Stock_BKR_adj_close,0.17644059153493116,0.8235594084650688,individual
target_131,2,LME_ZS_Close - US_Stock_VGIT_adj_close,0.098419173890872,0.901580826109128,individual
target_132,2,US_Stock_EWZ_adj_close - LME_ZS_Close,0.098419173890872,0.901580826109128,individual
target_133,2,LME_PB_Close - FX_NOKCHF,0.05201427842937277,0.9479857215706272,individual
target_134,2,US_Stock_JNK_adj_close - LME_ZS_Close,0.098419173890872,0.901580826109128,individual
target_135,2,US_Stock_MS_adj_close - LME_PB_Close,0.098419173890872,0.901580826109128,individual
target_136,2,LME_ZS_Close - US_Stock_TIP_adj_close,0.098419173890872,0.901580826109128,individual
target_137,2,LME_AH_Close - US_Stock_EFA_adj_close,0.098419173890872,0.901580826109128,individual
target_138,2,FX_EURUSD - JPX_Gold_Standard_Futures_Close,0.11116777154513004,0.88883222845487,individual
target_139,2,US_Stock_DVN_adj_close - LME_ZS_Close,0.098419173890872,0.901580826109128,individual
target_140,2,JPX_Platinum_Standard_Futures_Close - US_Stock_CCJ_adj_close,0.17644059153493116,0.8235594084650688,individual
target_141,2,LME_PB_Close - FX_NOKGBP,0.05201427842937277,0.9479857215706272,individual
target_142,2,LME_ZS_Close - US_Stock_OXY_adj_close,0.098419173890872,0.901580826109128,individual
target_143,2,LME_ZS_Close - US_Stock_STLD_adj_close,0.098419173890872,0.901580826109128,individual
target_144,2,LME_PB_Close - US_Stock_HES_adj_close,0.10249872514023457,0.8975012748597654,individual
target_145,2,FX_ZARCHF - JPX_Gold_Standard_Futures_Close,0.11116777154513004,0.88883222845487,individual
target_146,2,US_Stock_XLE_adj_close - LME_PB_Close,0.098419173890872,0.901580826109128,individual
target_147,2,JPX_Platinum_Standard_Futures_Close - US_Stock_ALB_adj_close,0.17644059153493116,0.8235594084650688,individual
target_148,2,US_Stock_IEMG_adj_close - JPX_Platinum_Standard_Futures_Close,0.17644059153493116,0.8235594084650688,individual
target_149,2,JPX_Platinum_Standard_Futures_Close - US_Stock_KMI_adj_close,0.17644059153493116,0.8235594084650688,individual
target_150,2,LME_AH_Close - US_Stock_WPM_adj_close,0.098419173890872,0.901580826109128,individual
target_151,2,LME_CA_Close - US_Stock_VALE_adj_close,0.098419173890872,0.901580826109128,individual
target_152,2,US_Stock_ENB_adj_close - LME_PB_Close,0.098419173890872,0.901580826109128,individual
target_153,2,FX_EURJPY - JPX_Gold_Standard_Futures_Close,0.11116777154513004,0.88883222845487,individual
target_154,2,US_Stock_OKE_adj_close - JPX_Gold_Standard_Futures_Close,0.17644059153493116,0.8235594084650688,individual
target_155,2,FX_CADUSD - LME_AH_Close,0.05201427842937277,0.9479857215706272,individual
target_156,2,LME_CA_Close - US_Stock_RY_adj_close,0.098419173890872,0.901580826109128,individual
target_157,2,US_Stock_TECK_adj_close - LME_CA_Close,0.098419173890872,0.901580826109128,individual
target_158,2,LME_PB_Close - US_Stock_SLB_adj_close,0.098419173890872,0.901580826109128,individual
target_159,2,US_Stock_SPYV_adj_close - JPX_Platinum_Standard_Futures_Close,0.17644059153493116,0.8235594084650688,individual
target_160,2,LME_AH_Close - US_Stock_EEM_adj_close,0.098419173890872,0.901580826109128,individual
target_161,2,LME_PB_Close - FX_AUDUSD,0.05201427842937277,0.9479857215706272,individual
target_162,2,FX_NOKEUR - LME_PB_Close,0.05201427842937277,0.9479857215706272,individual
target_163,2,LME_PB_Close - US_Stock_URA_adj_close,0.098419173890872,0.901580826109128,individual
target_164,2,LME_AH_Close - US_Stock_VWO_adj_close,0.098419173890872,0.901580826109128,individual
target_165,2,LME_CA_Close - US_Stock_TRGP_adj_close,0.098419173890872,0.901580826109128,individual
target_166,2,US_Stock_IAU_adj_close - LME_ZS_Close,0.098419173890872,0.901580826109128,individual
target_167,2,LME_ZS_Close - US_Stock_VTV_adj_close,0.098419173890872,0.901580826109128,individual
target_168,2,US_Stock_IEF_adj_close - LME_PB_Close,0.098419173890872,0.901580826109128,individual
target_169,2,LME_CA_Close - FX_NZDUSD,0.05201427842937277,0.9479857215706272,individual
target_170,2,LME_PB_Close - FX_NOKJPY,0.05201427842937277,0.9479857215706272,individual
target_171,2,JPX_Platinum_Standard_Futures_Close - FX_EURGBP,0.11116777154513004,0.88883222845487,individual
target_172,2,LME_ZS_Close - US_Stock_TD_adj_close,0.098419173890872,0.901580826109128,individual
target_173,2,US_Stock_X_adj_close - LME_PB_Close,0.11167771545130036,0.8883222845486997,individual
target_174,2,US_Stock_COP_adj_close - LME_PB_Close,0.098419173890872,0.901580826109128,individual
target_175,2,JPX_Platinum_Standard_Futures_Close - US_Stock_ACWI_adj_close,0.17644059153493116,0.8235594084650688,individual
target_176,2,LME_AH_Close - US_Stock_OIH_adj_close,0.098419173890872,0.901580826109128,individual
target_177,2,FX_NOKUSD - LME_AH_Close,0.05201427842937277,0.9479857215706272,individual
target_178,2,FX_CHFJPY - LME_ZS_Close,0.05201427842937277,0.9479857215706272,individual
target_179,2,JPX_Platinum_Standard_Futures_Close - US_Stock_SLV_adj_close,0.17644059153493116,0.8235594084650688,individual
target_180,2,US_Stock_CVX_adj_close - JPX_Platinum_Standard_Futures_Close,0.17644059153493116,0.8235594084650688,individual
target_181,2,US_Stock_CVE_adj_close - LME_AH_Close,0.098419173890872,0.901580826109128,individual
target_182,2,FX_AUDJPY - LME_ZS_Close,0.05201427842937277,0.9479857215706272,individual
target_183,2,JPX_Gold_Standard_Futures_Close - US_Stock_NUE_adj_close,0.17644059153493116,0.8235594084650688,individual
target_184,2,JPX_Gold_Standard_Futures_Close - US_Stock_VT_adj_close,0.17644059153493116,0.8235594084650688,individual
target_185,2,US_Stock_NEM_adj_close - JPX_Gold_Standard_Futures_Close,0.17644059153493116,0.8235594084650688,individual
target_186,2,US_Stock_XLB_adj_close - LME_ZS_Close,0.098419173890872,0.901580826109128,individual
target_187,2,FX_CADJPY - JPX_Platinum_Standard_Futures_Close,0.11116777154513004,0.88883222845487,individual
target_188,2,FX_USDCHF - LME_PB_Close,0.05201427842937277,0.9479857215706272,individual
target_189,2,FX_GBPJPY - LME_CA_Close,0.05201427842937277,0.9479857215706272,individual
target_190,2,LME_AH_Close - US_Stock_VGK_adj_close,0.098419173890872,0.901580826109128,individual
target_191,2,US_Stock_EWT_adj_close - LME_AH_Close,0.098419173890872,0.901580826109128,individual
target_192,2,US_Stock_MPC_adj_close - LME_CA_Close,0.098419173890872,0.901580826109128,individual
target_193,2,LME_PB_Close - US_Stock_CLF_adj_close,0.098419173890872,0.901580826109128,individual
target_194,2,JPX_Platinum_Standard_Futures_Close - US_Stock_BNDX_adj_close,0.17644059153493116,0.8235594084650688,individual
target_195,2,US_Stock_HL_adj_close - LME_AH_Close,0.098419173890872,0.901580826109128,individual
target_196,2,FX_EURAUD - LME_AH_Close,0.05201427842937277,0.9479857215706272,individual
target_197,2,JPX_Platinum_Standard_Futures_Close - FX_ZARUSD,0.11116777154513004,0.88883222845487,individual
target_198,2,LME_AH_Close - FX_GBPUSD,0.05201427842937277,0.9479857215706272,individual
target_199,2,LME_CA_Close - US_Stock_LYB_adj_close,0.098419173890872,0.901580826109128,individual
target_200,2,FX_NZDJPY - LME_CA_Close,0.05201427842937277,0.9479857215706272,individual
target_201,2,US_Stock_SCCO_adj_close - LME_AH_Close,0.098419173890872,0.901580826109128,individual
target_202,2,LME_ZS_Close - US_Stock_VYM_adj_close,0.098419173890872,0.901580826109128,individual
target_203,2,LME_ZS_Close - US_Stock_CAT_adj_close,0.098419173890872,0.901580826109128,individual
target_204,2,JPX_Platinum_Standard_Futures_Close - US_Stock_DE_adj_close,0.17644059153493116,0.8235594084650688,individual
target_205,2,US_Stock_GLD_adj_close - LME_PB_Close,0.098419173890872,0.901580826109128,individual
target_206,2,US_Stock_RIO_adj_close - LME_PB_Close,0.098419173890872,0.901580826109128,individual
target_207,2,JPX_Gold_Standard_Futures_Close - US_Stock_RSP_adj_close,0.17644059153493116,0.8235594084650688,individual
target_208,2,US_Stock_HAL_adj_close - LME_CA_Close,0.098419173890872,0.901580826109128,individual
target_209,2,LME_PB_Close - US_Stock_FCX_adj_close,0.098419173890872,0.901580826109128,individual
target_210,2,US_Stock_VEA_adj_close - JPX_Platinum_Standard_Futures_Close,0.17644059153493116,0.8235594084650688,individual
target_211,2,FX_EURNZD - LME_PB_Close,0.05201427842937277,0.9479857215706272,individual
target_212,3,FX_ZARUSD,0.0,1.0,individual
target_213,3,LME_PB_Close - FX_ZARUSD,0.05201427842937277,0.9479857215706272,individual
target_214,3,LME_CA_Close - JPX_Gold_Standard_Futures_Close,0.15961244263131055,0.8403875573686894,individual
target_215,3,LME_PB_Close - JPX_Gold_Standard_Futures_Close,0.15961244263131055,0.8403875573686894,individual
target_216,3,LME_AH_Close - JPX_Platinum_Standard_Futures_Close,0.15961244263131055,0.8403875573686894,individual
target_217,3,JPX_Gold_Standard_Futures_Close - LME_AH_Close,0.15961244263131055,0.8403875573686894,individual
target_218,3,LME_ZS_Close - LME_PB_Close,0.05201427842937277,0.9479857215706272,individual
target_219,3,LME_ZS_Close - FX_NOKUSD,0.05201427842937277,0.9479857215706272,individual
target_220,3,LME_AH_Close - US_Stock_BNDX_adj_close,0.098419173890872,0.901580826109128,individual
target_221,3,FX_ZARCHF - JPX_Platinum_Standard_Futures_Close,0.11218765935747067,0.8878123406425293,individual
target_222,3,JPX_Gold_Standard_Futures_Close - FX_ZARGBP,0.11218765935747067,0.8878123406425293,individual
target_223,3,LME_CA_Close - FX_NZDJPY,0.05201427842937277,0.9479857215706272,individual
target_224,3,US_Stock_OXY_adj_close - LME_AH_Close,0.098419173890872,0.901580826109128,individual
target_225,3,US_Stock_XOM_adj_close - JPX_Gold_Standard_Futures_Close,0.17848036715961244,0.8215196328403875,individual
target_226,3,LME_AH_Close - US_Stock_EWZ_adj_close,0.098419173890872,0.901580826109128,individual
target_227,3,FX_EURAUD - LME_PB_Close,0.05201427842937277,0.9479857215706272,individual
target_228,3,LME_ZS_Close - FX_GBPUSD,0.05201427842937277,0.9479857215706272,individual
target_229,3,LME_CA_Close - FX_GBPJPY,0.05201427842937277,0.9479857215706272,individual
target_230,3,LME_AH_Close - US_Stock_ALB_adj_close,0.098419173890872,0.901580826109128,individual
target_231,3,LME_PB_Close - FX_USDJPY,0.05201427842937277,0.9479857215706272,individual
target_232,3,JPX_Gold_Standard_Futures_Close - US_Stock_SPYV_adj_close,0.17848036715961244,0.8215196328403875,individual
target_233,3,US_Stock_EWJ_adj_close - LME_ZS_Close,0.098419173890872,0.901580826109128,individual
target_234,3,LME_ZS_Close - FX_NOKGBP,0.05201427842937277,0.9479857215706272,individual
target_235,3,JPX_Platinum_Standard_Futures_Close - US_Stock_TRGP_adj_close,0.17848036715961244,0.8215196328403875,individual
target_236,3,LME_PB_Close - FX_CHFJPY,0.05201427842937277,0.9479857215706272,individual
target_237,3,LME_ZS_Close - US_Stock_WPM_adj_close,0.098419173890872,0.901580826109128,individual
target_238,3,US_Stock_ENB_adj_close - JPX_Gold_Standard_Futures_Close,0.17848036715961244,0.8215196328403875,individual
target_239,3,FX_AUDUSD - JPX_Platinum_Standard_Futures_Close,0.11218765935747067,0.8878123406425293,individual
target_240,3,FX_NOKJPY - LME_PB_Close,0.05201427842937277,0.9479857215706272,individual
target_241,3,LME_CA_Close - US_Stock_X_adj_close,0.11218765935747067,0.8878123406425293,individual
target_242,3,LME_ZS_Close - FX_EURNZD,0.05201427842937277,0.9479857215706272,individual
target_243,3,LME_PB_Close - US_Stock_VTV_adj_close,0.098419173890872,0.901580826109128,individual
target_244,3,US_Stock_DVN_adj_close - LME_PB_Close,0.098419173890872,0.901580826109128,individual
target_245,3,FX_GBPNZD - JPX_Platinum_Standard_Futures_Close,0.11218765935747067,0.8878123406425293,individual
target_246,3,US_Stock_SCCO_adj_close - LME_AH_Close,0.098419173890872,0.901580826109128,individual
target_247,3,JPX_Platinum_Standard_Futures_Close - US_Stock_CVE_adj_close,0.17848036715961244,0.8215196328403875,individual
target_248,3,LME_AH_Close - US_Stock_NEM_adj_close,0.098419173890872,0.901580826109128,individual
target_249,3,LME_ZS_Close - US_Stock_VALE_adj_close,0.098419173890872,0.901580826109128,individual
target_250,3,US_Stock_VXUS_adj_close - LME_CA_Close,0.098419173890872,0.901580826109128,individual
target_251,3,LME_CA_Close - FX_EURUSD,0.05201427842937277,0.9479857215706272,individual
target_252,3,JPX_Gold_Standard_Futures_Close - US_Stock_COP_adj_close,0.17848036715961244,0.8215196328403875,individual
target_253,3,LME_AH_Close - US_Stock_XLB_adj_close,0.098419173890872,0.901580826109128,individual
target_254,3,FX_CADCHF - JPX_Platinum_Standard_Futures_Close,0.11218765935747067,0.8878123406425293,individual
target_255,3,US_Stock_NUE_adj_close - LME_CA_Close,0.098419173890872,0.901580826109128,individual
target_256,3,US_Stock_ACWI_adj_close - JPX_Platinum_Standard_Futures_Close,0.17848036715961244,0.8215196328403875,individual
target_257,3,LME_CA_Close - US_Stock_CCJ_adj_close,0.098419173890872,0.901580826109128,individual
target_258,3,US_Stock_EEM_adj_close - LME_PB_Close,0.098419173890872,0.901580826109128,individual
target_259,3,LME_CA_Close - US_Stock_EWT_adj_close,0.098419173890872,0.901580826109128,individual
target_260,3,JPX_Platinum_Standard_Futures_Close - FX_NZDCHF,0.11218765935747067,0.8878123406425293,individual
target_261,3,JPX_Platinum_Standard_Futures_Close - US_Stock_FCX_adj_close,0.17848036715961244,0.8215196328403875,individual
target_262,3,US_Stock_JNK_adj_close - JPX_Platinum_Standard_Futures_Close,0.17848036715961244,0.8215196328403875,individual
target_263,3,LME_CA_Close - US_Stock_OKE_adj_close,0.098419173890872,0.901580826109128,individual
target_264,3,US_Stock_RSP_adj_close - LME_CA_Close,0.098419173890872,0.901580826109128,individual
target_265,3,FX_CADUSD - LME_CA_Close,0.05201427842937277,0.9479857215706272,individual
target_266,3,US_Stock_TECK_adj_close - LME_PB_Close,0.098419173890872,0.901580826109128,individual
target_267,3,LME_AH_Close - US_Stock_CLF_adj_close,0.098419173890872,0.901580826109128,individual
target_268,3,LME_PB_Close - FX_NOKEUR,0.05201427842937277,0.9479857215706272,individual
target_269,3,JPX_Platinum_Standard_Futures_Close - US_Stock_EOG_adj_close,0.17848036715961244,0.8215196328403875,individual
target_270,3,JPX_Gold_Standard_Futures_Close - US_Stock_TIP_adj_close,0.17848036715961244,0.8215196328403875,individual
target_271,3,US_Stock_RY_adj_close - LME_CA_Close,0.098419173890872,0.901580826109128,individual
target_272,3,LME_PB_Close - US_Stock_STLD_adj_close,0.098419173890872,0.901580826109128,individual
target_273,3,LME_ZS_Close - US_Stock_IAU_adj_close,0.098419173890872,0.901580826109128,individual
target_274,3,LME_CA_Close - US_Stock_VWO_adj_close,0.098419173890872,0.901580826109128,individual
target_275,3,JPX_Platinum_Standard_Futures_Close - FX_CADJPY,0.11218765935747067,0.8878123406425293,individual
target_276,3,JPX_Gold_Standard_Futures_Close - US_Stock_HL_adj_close,0.17848036715961244,0.8215196328403875,individual
target_277,3,FX_AUDJPY - LME_PB_Close,0.05201427842937277,0.9479857215706272,individual
target_278,3,US_Stock_MPC_adj_close - LME_ZS_Close,0.098419173890872,0.901580826109128,individual
target_279,3,LME_PB_Close - US_Stock_VEA_adj_close,0.098419173890872,0.901580826109128,individual
target_280,3,JPX_Gold_Standard_Futures_Close - FX_EURCAD,0.11218765935747067,0.8878123406425293,individual
target_281,3,JPX_Gold_Standard_Futures_Close - FX_NOKCHF,0.11218765935747067,0.8878123406425293,individual
target_282,3,US_Stock_DE_adj_close - LME_AH_Close,0.098419173890872,0.901580826109128,individual
target_283,3,FX_ZAREUR - LME_ZS_Close,0.05201427842937277,0.9479857215706272,individual
target_284,3,FX_ZARJPY - JPX_Gold_Standard_Futures_Close,0.11218765935747067,0.8878123406425293,individual
target_285,3,US_Stock_IEMG_adj_close - JPX_Platinum_Standard_Futures_Close,0.17848036715961244,0.8215196328403875,individual
target_286,3,US_Stock_XLE_adj_close - JPX_Gold_Standard_Futures_Close,0.17848036715961244,0.8215196328403875,individual
target_287,3,LME_PB_Close - US_Stock_SLB_adj_close,0.098419173890872,0.901580826109128,individual
target_288,3,JPX_Gold_Standard_Futures_Close - US_Stock_BKR_adj_close,0.17848036715961244,0.8215196328403875,individual
target_289,3,LME_ZS_Close - US_Stock_GLD_adj_close,0.098419173890872,0.901580826109128,individual
target_290,3,US_Stock_LYB_adj_close - JPX_Platinum_Standard_Futures_Close,0.17848036715961244,0.8215196328403875,individual
target_291,3,LME_AH_Close - US_Stock_EFA_adj_close,0.098419173890872,0.901580826109128,individual
target_292,3,LME_CA_Close - US_Stock_VYM_adj_close,0.098419173890872,0.901580826109128,individual
target_293,3,LME_ZS_Close - US_Stock_KMI_adj_close,0.098419173890872,0.901580826109128,individual
target_294,3,US_Stock_VGK_adj_close - LME_CA_Close,0.098419173890872,0.901580826109128,individual
target_295,3,LME_CA_Close - FX_AUDCHF,0.05201427842937277,0.9479857215706272,individual
target_296,3,LME_CA_Close - US_Stock_CAT_adj_close,0.098419173890872,0.901580826109128,individual
target_297,3,US_Stock_AMP_adj_close - LME_ZS_Close,0.098419173890872,0.901580826109128,individual
target_298,3,LME_ZS_Close - US_Stock_IEF_adj_close,0.098419173890872,0.901580826109128,individual
target_299,3,LME_AH_Close - FX_EURJPY,0.05201427842937277,0.9479857215706272,individual
target_300,3,LME_CA_Close - US_Stock_HAL_adj_close,0.098419173890872,0.901580826109128,individual
target_301,3,JPX_Gold_Standard_Futures_Close - FX_EURCHF,0.11218765935747067,0.8878123406425293,individual
target_302,3,JPX_Platinum_Standard_Futures_Close - US_Stock_URA_adj_close,0.17848036715961244,0.8215196328403875,individual
target_303,3,JPX_Gold_Standard_Futures_Close - US_Stock_VT_adj_close,0.17848036715961244,0.8215196328403875,individual
target_304,3,US_Stock_EWY_adj_close - LME_ZS_Close,0.098419173890872,0.901580826109128,individual
target_305,3,US_Stock_CVX_adj_close - LME_CA_Close,0.098419173890872,0.901580826109128,individual
target_306,3,LME_PB_Close - FX_NZDUSD,0.05201427842937277,0.9479857215706272,individual
target_307,3,US_Stock_HES_adj_close - LME_PB_Close,0.10300866904640489,0.8969913309535951,individual
target_308,3,FX_EURGBP - JPX_Platinum_Standard_Futures_Close,0.11218765935747067,0.8878123406425293,individual
target_309,3,LME_PB_Close - US_Stock_VGIT_adj_close,0.098419173890872,0.901580826109128,individual
target_310,3,FX_AUDCAD - JPX_Platinum_Standard_Futures_Close,0.11218765935747067,0.8878123406425293,individual
target_311,3,US_Stock_TD_adj_close - LME_ZS_Close,0.098419173890872,0.901580826109128,individual
target_312,3,JPX_Gold_Standard_Futures_Close - FX_USDCHF,0.11218765935747067,0.8878123406425293,individual
target_313,3,US_Stock_MS_adj_close - LME_AH_Close,0.098419173890872,0.901580826109128,individual
target_314,3,LME_ZS_Close - US_Stock_SLV_adj_close,0.098419173890872,0.901580826109128,individual
target_315,3,LME_AH_Close - US_Stock_OIH_adj_close,0.098419173890872,0.901580826109128,individual
target_316,3,US_Stock_RIO_adj_close - LME_PB_Close,0.098419173890872,0.901580826109128,individual
target_317,3,JPX_Platinum_Standard_Futures_Close - US_Stock_WMB_adj_close,0.17848036715961244,0.8215196328403875,individual
target_318,4,FX_NOKEUR,0.0,1.0,individual
target_319,4,LME_AH_Close - FX_NOKEUR,0.05201427842937277,0.9479857215706272,individual
target_320,4,JPX_Gold_Standard_Futures_Close - LME_ZS_Close,0.1580826109127996,0.8419173890872004,individual
target_321,4,LME_AH_Close - LME_ZS_Close,0.05201427842937277,0.9479857215706272,individual
target_322,4,LME_AH_Close - LME_PB_Close,0.05201427842937277,0.9479857215706272,individual
target_323,4,LME_PB_Close - LME_CA_Close,0.05201427842937277,0.9479857215706272,individual
target_324,4,LME_AH_Close - JPX_Platinum_Standard_Futures_Close,0.1580826109127996,0.8419173890872004,individual
target_325,4,LME_PB_Close - US_Stock_ALB_adj_close,0.098419173890872,0.901580826109128,individual
target_326,4,US_Stock_EWJ_adj_close - JPX_Gold_Standard_Futures_Close,0.17542070372259053,0.8245792962774094,individual
target_327,4,LME_ZS_Close - US_Stock_EWZ_adj_close,0.098419173890872,0.901580826109128,individual
target_328,4,JPX_Platinum_Standard_Futures_Close - US_Stock_EWY_adj_close,0.17542070372259053,0.8245792962774094,individual
target_329,4,JPX_Platinum_Standard_Futures_Close - US_Stock_CLF_adj_close,0.17542070372259053,0.8245792962774094,individual
target_330,4,LME_CA_Close - FX_ZARJPY,0.05201427842937277,0.9479857215706272,individual
target_331,4,JPX_Platinum_Standard_Futures_Close - US_Stock_BKR_adj_close,0.17542070372259053,0.8245792962774094,individual
target_332,4,US_Stock_VT_adj_close - LME_ZS_Close,0.098419173890872,0.901580826109128,individual
target_333,4,LME_AH_Close - US_Stock_SCCO_adj_close,0.098419173890872,0.901580826109128,individual
target_334,4,US_Stock_FCX_adj_close - LME_ZS_Close,0.098419173890872,0.901580826109128,individual
target_335,4,US_Stock_TRGP_adj_close - LME_CA_Close,0.098419173890872,0.901580826109128,individual
target_336,4,FX_EURAUD - LME_AH_Close,0.05201427842937277,0.9479857215706272,individual
target_337,4,FX_CADUSD - LME_CA_Close,0.05201427842937277,0.9479857215706272,individual
target_338,4,JPX_Gold_Standard_Futures_Close - US_Stock_MPC_adj_close,0.17542070372259053,0.8245792962774094,individual
target_339,4,US_Stock_RSP_adj_close - LME_PB_Close,0.098419173890872,0.901580826109128,individual
target_340,4,JPX_Platinum_Standard_Futures_Close - US_Stock_IAU_adj_close,0.17542070372259053,0.8245792962774094,individual
target_341,4,JPX_Platinum_Standard_Futures_Close - US_Stock_VXUS_adj_close,0.17542070372259053,0.8245792962774094,individual
target_342,4,LME_PB_Close - US_Stock_LYB_adj_close,0.098419173890872,0.901580826109128,individual
target_343,4,US_Stock_DVN_adj_close - LME_ZS_Close,0.098419173890872,0.901580826109128,individual
target_344,4,US_Stock_CVX_adj_close - LME_ZS_Close,0.098419173890872,0.901580826109128,individual
target_345,4,FX_CADJPY - LME_PB_Close,0.05201427842937277,0.9479857215706272,individual
target_346,4,US_Stock_ACWI_adj_close - JPX_Gold_Standard_Futures_Close,0.17542070372259053,0.8245792962774094,individual
target_347,4,LME_CA_Close - US_Stock_BNDX_adj_close,0.098419173890872,0.901580826109128,individual
target_348,4,FX_ZAREUR - JPX_Gold_Standard_Futures_Close,0.11218765935747067,0.8878123406425293,individual
target_349,4,LME_AH_Close - US_Stock_VWO_adj_close,0.098419173890872,0.901580826109128,individual
target_350,4,LME_ZS_Close - US_Stock_IEMG_adj_close,0.098419173890872,0.901580826109128,individual
target_351,4,FX_EURGBP - JPX_Gold_Standard_Futures_Close,0.11218765935747067,0.8878123406425293,individual
target_352,4,US_Stock_OXY_adj_close - LME_CA_Close,0.098419173890872,0.901580826109128,individual
target_353,4,US_Stock_RIO_adj_close - LME_AH_Close,0.098419173890872,0.901580826109128,individual
target_354,4,LME_AH_Close - US_Stock_XLE_adj_close,0.098419173890872,0.901580826109128,individual
target_355,4,LME_ZS_Close - US_Stock_AMP_adj_close,0.098419173890872,0.901580826109128,individual
target_356,4,JPX_Gold_Standard_Futures_Close - US_Stock_XOM_adj_close,0.17542070372259053,0.8245792962774094,individual
target_357,4,LME_ZS_Close - US_Stock_HAL_adj_close,0.098419173890872,0.901580826109128,individual
target_358,4,LME_CA_Close - US_Stock_VGIT_adj_close,0.098419173890872,0.901580826109128,individual
target_359,4,LME_ZS_Close - US_Stock_JNK_adj_close,0.098419173890872,0.901580826109128,individual
target_360,4,LME_AH_Close - US_Stock_VTV_adj_close,0.098419173890872,0.901580826109128,individual
target_361,4,LME_PB_Close - US_Stock_TECK_adj_close,0.098419173890872,0.901580826109128,individual
target_362,4,US_Stock_NUE_adj_close - JPX_Gold_Standard_Futures_Close,0.17542070372259053,0.8245792962774094,individual
target_363,4,FX_AUDUSD - JPX_Platinum_Standard_Futures_Close,0.11218765935747067,0.8878123406425293,individual
target_364,4,US_Stock_URA_adj_close - JPX_Platinum_Standard_Futures_Close,0.17542070372259053,0.8245792962774094,individual
target_365,4,LME_ZS_Close - US_Stock_DE_adj_close,0.098419173890872,0.901580826109128,individual
target_366,4,US_Stock_EOG_adj_close - LME_AH_Close,0.098419173890872,0.901580826109128,individual
target_367,4,FX_GBPUSD - LME_PB_Close,0.05201427842937277,0.9479857215706272,individual
target_368,4,FX_GBPJPY - JPX_Platinum_Standard_Futures_Close,0.11218765935747067,0.8878123406425293,individual
target_369,4,LME_CA_Close - US_Stock_WPM_adj_close,0.098419173890872,0.901580826109128,individual
target_370,4,JPX_Platinum_Standard_Futures_Close - US_Stock_TD_adj_close,0.17542070372259053,0.8245792962774094,individual
target_371,4,FX_NZDJPY - JPX_Platinum_Standard_Futures_Close,0.11218765935747067,0.8878123406425293,individual
target_372,4,FX_AUDCHF - JPX_Platinum_Standard_Futures_Close,0.11218765935747067,0.8878123406425293,individual
target_373,4,US_Stock_SLB_adj_close - LME_CA_Close,0.098419173890872,0.901580826109128,individual
target_374,4,LME_AH_Close - FX_EURNZD,0.05201427842937277,0.9479857215706272,individual
target_375,4,JPX_Platinum_Standard_Futures_Close - FX_CHFJPY,0.11218765935747067,0.8878123406425293,individual
target_376,4,US_Stock_TIP_adj_close - LME_PB_Close,0.098419173890872,0.901580826109128,individual
target_377,4,US_Stock_XLB_adj_close - LME_CA_Close,0.098419173890872,0.901580826109128,individual
target_378,4,JPX_Gold_Standard_Futures_Close - US_Stock_NEM_adj_close,0.17542070372259053,0.8245792962774094,individual
target_379,4,US_Stock_EEM_adj_close - LME_AH_Close,0.098419173890872,0.901580826109128,individual
target_380,4,US_Stock_SPYV_adj_close - LME_AH_Close,0.098419173890872,0.901580826109128,individual
target_381,4,FX_NZDCHF - LME_PB_Close,0.05201427842937277,0.9479857215706272,individual
target_382,4,JPX_Gold_Standard_Futures_Close - FX_AUDCAD,0.11218765935747067,0.8878123406425293,individual
target_383,4,FX_CADCHF - LME_CA_Close,0.05201427842937277,0.9479857215706272,individual
target_384,4,LME_CA_Close - US_Stock_STLD_adj_close,0.098419173890872,0.901580826109128,individual
target_385,4,JPX_Platinum_Standard_Futures_Close - US_Stock_ENB_adj_close,0.17542070372259053,0.8245792962774094,individual
target_386,4,LME_PB_Close - FX_AUDJPY,0.05201427842937277,0.9479857215706272,individual
target_387,4,US_Stock_COP_adj_close - JPX_Platinum_Standard_Futures_Close,0.17542070372259053,0.8245792962774094,individual
target_388,4,LME_ZS_Close - US_Stock_VEA_adj_close,0.098419173890872,0.901580826109128,individual
target_389,4,US_Stock_VGK_adj_close - LME_CA_Close,0.098419173890872,0.901580826109128,individual
target_390,4,JPX_Gold_Standard_Futures_Close - US_Stock_WMB_adj_close,0.17542070372259053,0.8245792962774094,individual
target_391,4,LME_AH_Close - US_Stock_CAT_adj_close,0.098419173890872,0.901580826109128,individual
target_392,4,FX_EURCHF - LME_CA_Close,0.05201427842937277,0.9479857215706272,individual
target_393,4,US_Stock_HL_adj_close - LME_AH_Close,0.098419173890872,0.901580826109128,individual
target_394,4,US_Stock_OIH_adj_close - LME_CA_Close,0.098419173890872,0.901580826109128,individual
target_395,4,LME_CA_Close - US_Stock_SLV_adj_close,0.098419173890872,0.901580826109128,individual
target_396,4,LME_AH_Close - US_Stock_OKE_adj_close,0.098419173890872,0.901580826109128,individual
target_397,4,US_Stock_KMI_adj_close - LME_CA_Close,0.098419173890872,0.901580826109128,individual
target_398,4,US_Stock_VYM_adj_close - JPX_Gold_Standard_Futures_Close,0.17542070372259053,0.8245792962774094,individual
target_399,4,LME_CA_Close - US_Stock_HES_adj_close,0.10351861295257522,0.8964813870474247,individual
target_400,4,FX_NOKJPY - LME_CA_Close,0.05201427842937277,0.9479857215706272,individual
target_401,4,LME_ZS_Close - US_Stock_EFA_adj_close,0.098419173890872,0.901580826109128,individual
target_402,4,FX_EURJPY - JPX_Platinum_Standard_Futures_Close,0.11218765935747067,0.8878123406425293,individual
target_403,4,US_Stock_VALE_adj_close - JPX_Gold_Standard_Futures_Close,0.17542070372259053,0.8245792962774094,individual
target_404,4,JPX_Gold_Standard_Futures_Close - US_Stock_X_adj_close,0.18867924528301888,0.8113207547169812,individual
target_405,4,FX_ZARUSD - LME_AH_Close,0.05201427842937277,0.9479857215706272,individual
target_406,4,FX_USDCHF - LME_PB_Close,0.05201427842937277,0.9479857215706272,individual
target_407,4,FX_USDJPY - JPX_Platinum_Standard_Futures_Close,0.11218765935747067,0.8878123406425293,individual
target_408,4,LME_AH_Close - FX_ZARCHF,0.05201427842937277,0.9479857215706272,individual
target_409,4,LME_PB_Close - FX_ZARGBP,0.05201427842937277,0.9479857215706272,individual
target_410,4,FX_EURUSD - LME_AH_Close,0.05201427842937277,0.9479857215706272,individual
target_411,4,LME_AH_Close - US_Stock_CVE_adj_close,0.098419173890872,0.901580826109128,individual
target_412,4,US_Stock_MS_adj_close - LME_PB_Close,0.098419173890872,0.901580826109128,individual
target_413,4,FX_GBPNZD - JPX_Gold_Standard_Futures_Close,0.11218765935747067,0.8878123406425293,individual
target_414,4,JPX_Gold_Standard_Futures_Close - US_Stock_IEF_adj_close,0.17542070372259053,0.8245792962774094,individual
target_415,4,FX_NZDUSD - LME_PB_Close,0.05201427842937277,0.9479857215706272,individual
target_416,4,LME_CA_Close - US_Stock_GLD_adj_close,0.098419173890872,0.901580826109128,individual
target_417,4,JPX_Platinum_Standard_Futures_Close - FX_EURCAD,0.11218765935747067,0.8878123406425293,individual
target_418,4,FX_NOKGBP - LME_ZS_Close,0.05201427842937277,0.9479857215706272,individual
target_419,4,FX_NOKUSD - LME_AH_Close,0.05201427842937277,0.9479857215706272,individual
target_420,4,JPX_Gold_Standard_Futures_Close - US_Stock_RY_adj_close,0.17542070372259053,0.8245792962774094,individual
target_421,4,US_Stock_EWT_adj_close - LME_AH_Close,0.098419173890872,0.901580826109128,individual
target_422,4,JPX_Platinum_Standard_Futures_Close - FX_NOKCHF,0.11218765935747067,0.8878123406425293,individual
target_423,4,LME_CA_Close - US_Stock_CCJ_adj_close,0.098419173890872,0.901580826109128,individual
