count,mean,std,min,1%,5%,25%,50%,75%,95%,99%,max,rango
1827.0,0.0004702402243344678,0.011924738186836719,-0.1237630947850029,-0.03232687028528215,-0.01709598743045221,-0.004567204621397,0.0009284265193894,0.0062703385333941,0.015984876024889405,0.02670579056003987,0.0874695466656952,0.2112326414506981
1784.0,-0.0005753747065574422,0.0169300400964593,-0.1204419794715235,-0.04247720274419388,-0.02497121157662584,-0.010452289021022399,-0.0009539169729265,0.00890089098738225,0.025401888602824257,0.043626339268904066,0.1139675684627565,0.23440954793428
1875.0,0.00021538259987572515,0.013070783696394526,-0.0672876436621349,-0.03023880296546857,-0.021077975351183418,-0.007658342104988201,0.0003181234849007,0.0088542111483076,0.021098778820991763,0.03183419889383964,0.0477693081818975,0.11505695184403239
1875.0,0.00019751293459995255,0.01490076743007605,-0.0724713588883641,-0.036335675082914465,-0.02425572520044753,-0.00883939703608275,0.000215627083597,0.0091789118644772,0.02478271419098644,0.038184050377017616,0.0782809259275599,0.150752284815924
1875.0,-0.00023298886606988708,0.015534916327999495,-0.0608024641473046,-0.039485805694796566,-0.02547597509745566,-0.00927972060494155,8.8390087454e-05,0.0092972133152344,0.024004650249801075,0.037553516520017434,0.0969017430180326,0.1577042071653372
1784.0,-0.0005207288241395558,0.01793799424067005,-0.1054306600829589,-0.04919021695720854,-0.027393582042790538,-0.01152410719939225,-0.00057174394556585,0.009739775101327725,0.028097459550258937,0.045232811922682,0.0841025718345799,0.1895332319175388
1875.0,0.00015396563331845141,0.014277390634274726,-0.0606214077637996,-0.03663367415380301,-0.02257836259299835,-0.0085853593584789,0.0002478848577685,0.00917619885442115,0.02140012593533269,0.034091744934337406,0.0766728227274288,0.1372942304912284
1875.0,3.072794923826862e-05,0.014898152845486396,-0.0724107087638004,-0.0330614429448123,-0.02376478628571464,-0.00922064121868775,-5.31928775573e-05,0.0088094932920064,0.02443785237343999,0.03900416906343965,0.1066554716476437,0.17906618041144412
1875.0,8.360966793252017e-05,0.0158458642474574,-0.0817143427970399,-0.038557836519241995,-0.02450913798380049,-0.009873721298708199,7.16368873995e-05,0.0096176488162335,0.02530144794875989,0.04221492837176879,0.0727031334709898,0.1544174762680297
1875.0,0.0001397133015131635,0.013806702288295981,-0.0626771415932214,-0.0372832856209185,-0.021921412178259547,-0.00760442207836725,0.0003593561910219,0.0082544756185941,0.020781038410709173,0.034988980457534076,0.0798327911701958,0.1425099327634172
1784.0,0.0005226818600069193,0.018014334462197672,-0.0955147711962167,-0.04680433098618422,-0.0275189774070027,-0.009525348743245975,0.0006046874577784001,0.011402036851961126,0.027784512573366307,0.04886234357461673,0.1022871897072189,0.1978019609034356
1875.0,0.00022034118107903662,0.014602118703752056,-0.0710611628520869,-0.032804210900308925,-0.02254470609061755,-0.00847795194650445,-0.0001612900019822,0.008688766545475402,0.0235593386368953,0.0410884900921336,0.0609444758116468,0.13200563866373372
1875.0,8.551581572767354e-05,0.015585286187806533,-0.0659499122906117,-0.03805515024539708,-0.02502085221679572,-0.0095816009417585,0.0002717724387964,0.009741760479063,0.02472421998920456,0.038238450806932285,0.073294233262766,0.13924414555337772
1784.0,-0.00023246593328862155,0.019714924438285514,-0.0980494026098257,-0.05217344559596839,-0.03136043005571439,-0.011242956420587475,-0.0002453295432138,0.0109887879774255,0.03016710380187743,0.04922360253438858,0.1460967799709905,0.2441461825808162
1875.0,5.648285339857987e-06,0.012738668730875138,-0.0622705789574201,-0.03055962726847802,-0.0198188466451425,-0.0075686992932917,0.0003436139703261,0.00739552612933615,0.02120480391571384,0.03221628289081273,0.0539894454845548,0.1162600244419749
1784.0,-0.000146948215293102,0.015891059673967978,-0.0938997811815503,-0.04202269015074008,-0.022926119216203442,-0.008968550646316175,-0.0008079363529679,0.008450340055590526,0.023874030681090796,0.04306954503921023,0.1112489459221819,0.20514872710373222
1875.0,-0.00013042925295678775,0.013825760644782945,-0.0717351990188371,-0.03661644860847281,-0.02214552431051713,-0.00862133950639055,-0.0004648728098889,0.008549921246009048,0.02216567456436661,0.034743708667168194,0.0570523786163248,0.1287875776351619
1784.0,0.0007369792097163761,0.030030440736903363,-0.4715712317645314,-0.06763704486843222,-0.039146902226246436,-0.012222832806078275,0.0016860029463918,0.016191838428733375,0.03953767221069036,0.06284751790404361,0.2869773299248355,0.7585485616893669
1784.0,0.0004460608312301283,0.02347586544373273,-0.236610933768389,-0.05823214698515599,-0.035116648674698624,-0.01173204122156955,0.0008165368024492499,0.012910243017577575,0.035611245124133245,0.0549899951751862,0.2065545670607957,0.4431655008291847
1875.0,-0.00014309715934430835,0.012884175161884611,-0.0588405964860764,-0.036592117592659526,-0.02091865243207882,-0.0074072124649425,0.0001810176350948,0.007451823567492201,0.019179375743487458,0.032342582824088556,0.0665466009808559,0.1253871974669323
1784.0,-0.0012340165551516197,0.031067182629823876,-0.167265319216367,-0.09022326025404148,-0.048651482733853814,-0.01800886332793045,-0.0006891939685833,0.015534038786795601,0.04550268231988103,0.0757631309263297,0.168470424019015,0.335735743235382
1784.0,-0.0005500399325726474,0.01689130209380696,-0.0593234674175243,-0.04181474001475579,-0.02793798447784969,-0.011137135040968676,-0.0009156253001674,0.0096558526966013,0.026836498069926665,0.04228679074272627,0.0887003012430878,0.1480237686606121
1784.0,-0.0006310404698194948,0.029457507478323895,-0.2615868347606091,-0.0712678135121724,-0.044564271361344505,-0.017213961933542778,-0.0001394577457408,0.0154791470803438,0.04337658089889053,0.07538045103713387,0.1856811927441116,0.4472680275047207
1875.0,-5.358897400155268e-05,0.014116097374545567,-0.0680980369489879,-0.03375853489221208,-0.02118194268705314,-0.0088755574965779,-0.0002301154974139,0.0084293718285874,0.02180905730382286,0.03453326181818723,0.0957158656842769,0.16381390263326479
1784.0,-0.00013056432242250802,0.01418623829557318,-0.0769515880261198,-0.03536832624485557,-0.02169250863369641,-0.008070154629340026,7.636404623769999e-05,0.007683230924525801,0.02201788093122223,0.03425321383705754,0.1040418693333845,0.18099345735950428
1875.0,4.904170559661451e-06,0.014029142769536065,-0.0579141850330507,-0.03571463131573693,-0.02241390890961057,-0.008683266228253151,0.0003187334761777,0.00842261255497085,0.020948596620431074,0.03529420963809097,0.0765368169953926,0.1344510020284433
1784.0,-0.00010543518046941782,0.03849018889239853,-0.2565015813252085,-0.10392699392785844,-0.06013250464947545,-0.020731431922945076,0.0010214697427161,0.020238192538598876,0.05889367685850906,0.0996282858411475,0.2067675263631066,0.4632691076883151
1784.0,-0.00026175256583079733,0.030374176985365396,-0.187138750302416,-0.07750780203054161,-0.04523459401055999,-0.01701831556412395,-1.91738032225e-06,0.0166504336180878,0.0425456979924317,0.07459793824819974,0.2641338568112855,0.4512726071137015
1784.0,-0.0002646339115557559,0.03275238466923842,-0.2257048185958832,-0.09751159573356004,-0.052015164132398095,-0.017158306590491848,-2.13205542505e-05,0.018379176968258627,0.05099556667709162,0.08128820919289464,0.1891868774049614,0.41489169600084463
1875.0,-0.00020033542013519128,0.015160570806939975,-0.0715335073497429,-0.04207124855705839,-0.02417329810447439,-0.0090060302233518,0.0003579418382736,0.00849175224189115,0.02368974174530181,0.03705180249572606,0.0721138724735653,0.1436473798233082
1875.0,0.00018766709764534822,0.012147391364139018,-0.0481764611022122,-0.03195222440741007,-0.02035928031090549,-0.006776137181852351,0.0001792115375053,0.00742829572058055,0.01943491352114907,0.02931905289642995,0.0711744456791788,0.119350906781391
1784.0,0.00025373092388209146,0.017340373044844898,-0.1270110730088406,-0.04272933133276676,-0.026876764466900915,-0.009477514036284475,0.00054860863109625,0.0105891672826562,0.025607843362684422,0.040565364958472634,0.1312278771701683,0.2582389501790089
1784.0,0.000596123434640263,0.020651437776606215,-0.1523527232757386,-0.05411243679215124,-0.032267160846682116,-0.011066994837535399,0.00122193091356815,0.012281293348996126,0.03296523101141812,0.05375908167820514,0.0967096310142906,0.2490623542900292
1784.0,0.00010447620161434893,0.022564168904463954,-0.1586471740729849,-0.05086963164046912,-0.0316878565634476,-0.0126294947477347,-0.00023957432220024998,0.011730724756990175,0.033331977803980076,0.058315950764313125,0.2310384895042662,0.3896856635772511
1784.0,-0.0010912488490914928,0.02811502261349129,-0.210154304556036,-0.06638202032681857,-0.04290492166939872,-0.016943979646893752,-0.0009650020012715,0.014991409990708025,0.039930570352512115,0.06966106961000974,0.1907224033143411,0.4008767078703771
1784.0,0.00026092854539291286,0.02826377172316845,-0.3869552831894254,-0.06265659489972634,-0.04200008883651165,-0.014202590518656924,-0.00031783503504945003,0.014669664911190724,0.04208606073445216,0.07441685727641006,0.1575420891327092,0.5444973723221346
1784.0,-0.0008663263526152382,0.024112507487003724,-0.1794082469905167,-0.06329395595359306,-0.036037680215277666,-0.014922906870535449,-0.0013491291327984499,0.012369897586981076,0.03696137619376524,0.06125072156728749,0.1477015213136054,0.3271097683041221
1875.0,1.7288136678899834e-05,0.015549317524502995,-0.077589985725441,-0.03684755726501837,-0.02478493200898434,-0.0098605469346292,-0.000132582637773,0.00998941992599725,0.02442481782782028,0.034368581766500504,0.0969015440744167,0.17449152979985771
1875.0,0.000275622851527916,0.013608294624913381,-0.0783738101524587,-0.033536584866360665,-0.02115216464908511,-0.0074112971149399,-2.87216779978e-05,0.00793890038465555,0.021688807798817572,0.03613803597606568,0.0654936186474316,0.14386742879989028
1784.0,2.866829812100327e-05,0.01357039922631775,-0.0719812961514612,-0.033112032501916695,-0.020386598176404876,-0.00807352922220135,-0.0005389107065316,0.007827034892777475,0.02182700014032152,0.03637120464635246,0.0629197251678872,0.1349010213193484
1875.0,-3.532861354887178e-05,0.014211025979224934,-0.07305617596798,-0.037740554068094345,-0.022728003597136778,-0.00826321006432805,0.0004984095243542,0.00838565761961645,0.020985508233115877,0.035413801273075515,0.0769248755942641,0.14998105156224412
1784.0,9.370303527101236e-05,0.037202071344291106,-0.7317340422337639,-0.0822872555805788,-0.048210932660481036,-0.016513023633939625,0.0006505690574008501,0.016010036943509477,0.048424278803797245,0.10073707295697988,0.2808662637082871,1.012600305942051
1875.0,0.00029432769167034854,0.012634665652972697,-0.0913402564423519,-0.03550837174827788,-0.02010889646712399,-0.0068720200977348,0.0001934654196017,0.007808403611909,0.018973398510583248,0.03091066846442522,0.0850179890406758,0.1763582454830277
1784.0,-0.0002034917520214735,0.018473746386370993,-0.1421445463655104,-0.0469838297377964,-0.02656135245319189,-0.0099641196186388,-0.0008114798043798,0.0092611469452939,0.02764062845449158,0.05671067687246392,0.151073496066979,0.2932180424324894
1784.0,-0.00021909702954511987,0.015111135350560643,-0.1201964726770941,-0.03799968912304798,-0.02331513554237397,-0.0085689685372289,-0.00024004386439135,0.008078439842034449,0.023236879389350543,0.035275351672283996,0.0950434846126132,0.2152399572897073
1875.0,-0.00022858965088453582,0.013677812173879596,-0.0743901272398715,-0.0350939314248487,-0.0219783143633529,-0.008073583876174,-0.00026576807087,0.0079609860152315,0.021639387954927706,0.036131064199237097,0.0600440220351978,0.1344341492750693
1784.0,-0.00046107490017305796,0.018622253382230176,-0.112835771717611,-0.04948945326212989,-0.02956880497823157,-0.011427032415455774,-0.0005195641378166499,0.010225936936799351,0.028034187046666822,0.04740597681357711,0.0957430176232215,0.20857878934083252
1875.0,-0.0001435701261260218,0.016452341540514937,-0.0662483215489252,-0.043212425328240885,-0.02629829338368988,-0.010064984924002,0.0005333038063639,0.009894609896858,0.02647752120959999,0.03862832127190439,0.0776734957386302,0.14392181728755538
1784.0,-0.0004975301576317339,0.026445404830966242,-0.2113190569093069,-0.06819366395189934,-0.039778486187263214,-0.01538488068611155,-4.3096486386142397e-05,0.01350738295897785,0.03869651347407259,0.0586726009015181,0.1837531364697842,0.3950721933790911
1784.0,-0.000300918659421517,0.034914379825334435,-0.1906669032876567,-0.08208468701495217,-0.05186830113084563,-0.018840667491805775,0.00021123822717294998,0.017559532121443323,0.05265378356254199,0.09013359378074773,0.4658404040467415,0.6565073073343982
1784.0,0.0007969911056254852,0.029256503311292387,-0.3193551102729468,-0.07963513930452783,-0.04198133547233032,-0.014102349415129825,0.0014118823195347,0.016879660626686402,0.04223874699808426,0.06928745316534922,0.1595250852525861,0.47888019552553285
1875.0,0.00012588928226077783,0.01576124586482261,-0.0627641406658454,-0.038917184760703966,-0.02504552206730467,-0.00996989407418735,0.0001081176106595,0.01004974423508205,0.024858300782671247,0.03961184855142511,0.0625463117510911,0.1253104524169365
1875.0,0.0001701370959805674,0.013383325129713122,-0.0743921497846198,-0.03382025912838557,-0.01981031993744623,-0.0075091209408659505,-0.0002254228121679,0.00762395203434355,0.021742263283732906,0.03528545984867281,0.0630758610278418,0.1374680108124616
1875.0,0.00023138031573312148,0.015883218805296116,-0.0673346537413938,-0.038677495833594325,-0.02503259433829191,-0.0096658246805628,2.46787248248e-05,0.0101351296629162,0.0255638959872399,0.04019963103946504,0.066083019995988,0.13341767373738178
1784.0,-0.00036723512757936053,0.02378076254796319,-0.1398749658711024,-0.0626331421333413,-0.037149659868864385,-0.013929256255826401,-0.00030773259098385,0.012890456385844577,0.03549413811267968,0.06133923635775519,0.1517101346400532,0.2915851005111556
1875.0,-3.168033647661463e-05,0.01487337923964847,-0.0762673534943582,-0.039777457957636694,-0.02291204916647478,-0.008773550680222099,-0.0003066301235599,0.0084994649852943,0.023362885290140887,0.03861860310460628,0.0699684780185838,0.146235831512942
1784.0,-2.9262432699138234e-05,0.025512471966569854,-0.2909730716649867,-0.06514416607886722,-0.03660584880347352,-0.012539945777251624,-0.00022815566000535,0.01348494829084585,0.03578757650952224,0.06246086163105958,0.1926242060836691,0.4835972777486558
1784.0,0.0005311830566360938,0.024983471149736338,-0.1534803720481385,-0.06622777877729374,-0.038493189746822885,-0.012930364525224626,0.00035823360679665005,0.014094162636834174,0.03932377881892567,0.06463236205006503,0.1652456921820956,0.3187260642302341
1784.0,-0.0002445801582308666,0.022269779899879594,-0.1574235887675584,-0.05596083689362972,-0.031887193456813796,-0.011980787983586476,-0.00096580371949745,0.011141958909405825,0.03375493458676053,0.05301807863051758,0.2260978764911729,0.3835214652587313
1784.0,5.157745768079846e-05,0.01611563636497694,-0.0917835811843476,-0.0459881988537725,-0.02662865192567394,-0.00910276708307025,0.000506578692319,0.00965689246950765,0.024188969130787098,0.04091657078101784,0.08746794987458,0.1792515310589276
1784.0,-0.0008675389372460135,0.03673526291782611,-0.3130123650625702,-0.08164261314540402,-0.04181349550181792,-0.016517945571383048,-0.0020581431809009003,0.012752308608069075,0.0426348828066513,0.07855998249483893,0.7542353588333532,1.0672477238959235
1784.0,0.0006885381976178348,0.017929616989150753,-0.1183234355183774,-0.04765349227157319,-0.026653510907251998,-0.009347124954621651,0.00086904088573475,0.0117152902766266,0.027109906509009636,0.041628431975893394,0.1047182181112346,0.223041653629612
1784.0,-0.0007750139003383567,0.023664627476921687,-0.1901155763215656,-0.05339546074277733,-0.03205086994766115,-0.013598116412133201,-0.00126449460150575,0.011391149795195201,0.03334946713536424,0.05382455271958308,0.3077502423936182,0.49786581871518376
1784.0,-0.00020093812029673897,0.019842711560863032,-0.1236066028289231,-0.0541112649482297,-0.03113652978397356,-0.011148469180818726,-0.00020768020581515,0.011251882469451625,0.0309113580999191,0.04701952576183277,0.1174657517608512,0.2410723545897743
1784.0,0.0005743901076452362,0.022602868808783327,-0.159371311200232,-0.055157262230844196,-0.03471188073100528,-0.012943753286736026,0.00085209751491915,0.0135349606059588,0.03585772185023044,0.05828135285887891,0.1301905466145128,0.2895618578147448
1784.0,-0.00017615920526331812,0.01643875781453579,-0.0699728877776801,-0.04102348683951575,-0.02713704739985657,-0.010310607833956674,-8.048468041145e-05,0.01007805560699585,0.02702681885758954,0.041045447844919716,0.0776411769421127,0.1476140647197928
1784.0,0.0002577093420437604,0.014797387001808542,-0.0901951939071239,-0.03416089450685769,-0.022222153563068607,-0.00779750632171205,0.000283954875903,0.00842153665230375,0.022870017589853766,0.03838820404842591,0.0820186916705351,0.172213885577659
1784.0,0.0002797288469272885,0.013666525389997818,-0.0648367405665334,-0.03423383675752468,-0.021923796309077488,-0.00749385109524485,0.00011540640090955,0.0084166392623903,0.021582768098711905,0.03720570380174981,0.0807876691664747,0.1456244097330081
1827.0,0.0004566061927310884,0.01529747716051337,-0.1646274151713673,-0.04297970850380104,-0.022703203240230858,-0.00684980201836045,0.00138107408494,0.00888673979621085,0.022016020083070027,0.03459543325096095,0.115998928954456,0.2806263441258233
1768.0,-0.0005865739848956403,0.022401204062191697,-0.1064216222010639,-0.052343649274597386,-0.03484111258348215,-0.01413811348143895,-0.00085316547100275,0.01281115753146515,0.03565446196461044,0.058245738156892095,0.1452093293142656,0.2516309515153295
1859.0,8.1026448153941e-05,0.020809709814888416,-0.1432437519663523,-0.05228288019070861,-0.03391535504927614,-0.01231346815006375,-2.04740728562e-05,0.01321769990992305,0.0327535231910353,0.04827850722344549,0.0856984163764673,0.2289421683428196
1859.0,-0.0005039299870444177,0.024113466869348534,-0.1069153024784792,-0.059681376474307546,-0.03958157212453459,-0.0153581636836831,-0.0004818315581216,0.0142527753149168,0.04008572082507745,0.057380037553395394,0.1107222288903151,0.21763753136879432
1859.0,0.0004537028555780421,0.018799026176737798,-0.0978590444761459,-0.04715558362843098,-0.030169615282574648,-0.01054608024513385,0.0006363074366227,0.011213723298806051,0.0315051803485236,0.048216651008197345,0.0893828373874652,0.18724188186361113
1859.0,0.0003440443499890105,0.0234886168540501,-0.1143040766154107,-0.05571061180514494,-0.0373123739194216,-0.014390751403783299,0.0002494992171138,0.0146461349093083,0.039084148091109945,0.057660201720369134,0.1026260370718631,0.2169301136872738
1859.0,0.0005202934137696224,0.01813143945699006,-0.0981657805587434,-0.04744402283819029,-0.02985955415788491,-0.009909895981077149,0.0005964560885438,0.01100300893344925,0.029866503231370026,0.048041330893067134,0.0926036506159666,0.19076943117471
1859.0,0.0004786535113297592,0.01883269509083241,-0.1120779848915548,-0.04854355870465215,-0.02872275859885729,-0.01038753794556565,-0.000189235504149,0.01141026468581105,0.03122443927588953,0.04932063181126531,0.0747961842184684,0.1868741691100232
1768.0,-0.0015420249430315904,0.032977410302466446,-0.21356545146257,-0.08285591167812349,-0.05060014159814933,-0.020625502318644174,-0.0011833575928944999,0.016291289652689098,0.04932436496582336,0.08647328138875748,0.2357128424087799,0.4492782938713499
1859.0,1.884584864706373e-05,0.02006560511103256,-0.0804218168026212,-0.04942709664146575,-0.03128263282999694,-0.0125196871090945,2.98875274926e-05,0.011690422234322151,0.03322961640961859,0.049277991820804,0.1102627833065776,0.1906846001091988
1768.0,-0.0011579635355357274,0.030857055122098336,-0.2624256841986656,-0.07692110594342488,-0.04555346154874956,-0.017208233290611025,-0.0016634695217677001,0.015619013875193676,0.044144437955954755,0.06470638364195011,0.3622889988434448,0.6247146830421104
1859.0,4.020676644631976e-06,0.02255473450143962,-0.1073354330133884,-0.052761287871197056,-0.03480729350606503,-0.0139960532101332,-0.0002595594875711,0.01391736797266775,0.03641469984984413,0.055811828210985556,0.1099558912524884,0.2172913242658768
1859.0,0.00020554742783839136,0.02148465874373865,-0.0958853071135974,-0.05423564447928995,-0.03414308120983503,-0.01306967103610365,0.00081780092307,0.01377265164959875,0.03408609489008412,0.05076333560115881,0.0850165295932866,0.18090183670688398
1768.0,-0.000339159557994571,0.02303744621646391,-0.1175963603168369,-0.05614425483835936,-0.0381859956154928,-0.01450898954379805,-0.00051890580697175,0.013958792002105275,0.037337840243612794,0.05416591283565947,0.1112692571018634,0.22886561741870032
1768.0,-1.4623555314396021e-05,0.03196581323248989,-0.2628946938335934,-0.07734264897574954,-0.04996752955416538,-0.01998948088223225,-0.0003914819048565,0.020162818398792248,0.04742094940858797,0.07891313742562038,0.1749823443810292,0.43787703821462254
1859.0,0.00012001070031046837,0.019865043768656908,-0.0872784587306108,-0.04816370794005316,-0.0319970780761039,-0.01270949330107745,0.0002462168297686,0.01328746590177765,0.03104937340579094,0.04831227818469101,0.0871414121776033,0.1744198709082141
1768.0,0.0005699637520377708,0.022243914993936593,-0.1058408637720349,-0.05336209450862246,-0.03609104556000403,-0.012973515004604076,0.00032211521797595,0.014275440704389575,0.036060236007183194,0.052944731799234264,0.111129840829537,0.21697070460157192
1768.0,0.0017348981423175776,0.03136777641220068,-0.2200286420908775,-0.07923350333350508,-0.04717437521546882,-0.01672304561713155,0.0020181792774006,0.019992787578021073,0.04951728502571601,0.08295905994894509,0.1816427526784416,0.4016713947693191
1768.0,-0.0004101409394882335,0.022826760790525424,-0.1188052194392586,-0.054519257468584104,-0.03704177250200562,-0.01427615336784035,-0.00060786790118175,0.0136001643724467,0.03614998558010276,0.05376576416278038,0.1090252498731984,0.22783046931245698
1768.0,-0.00042293386160003054,0.021245097165091625,-0.1624315597647426,-0.06018304943457998,-0.030923290024273773,-0.0120893348595328,-0.00110905481480905,0.0114298370855046,0.0326712504164284,0.05491983639084209,0.144275093836632,0.3067066536013746
1768.0,0.000393862217127192,0.04874055148457739,-0.628765358743434,-0.12568862378520723,-0.06633307172526492,-0.0268718856099956,0.00072191023923545,0.026511531432378325,0.07361466850958502,0.11887652437438138,0.2155665552645368,0.8443319140079708
1859.0,-0.00012900316362944074,0.01999778657874468,-0.0925586755847208,-0.04704487175117042,-0.032101625779976814,-0.01278562388506405,-9.90486348321e-05,0.01260508267354805,0.030689229428990977,0.04835043211104265,0.0992426364007669,0.19180131198548772
1768.0,-0.00011350224026309014,0.05172064860928104,-0.446105584216249,-0.12790996826256218,-0.06922211354061801,-0.023179942308442426,-5.468070246655e-05,0.02325277750321005,0.06530815280977294,0.11050404978113826,0.8769338616106921,1.3230394458269412
1768.0,-0.0018592102369764352,0.036126463287161625,-0.1924678546261786,-0.09879209899560565,-0.06081946504647216,-0.023217676601567226,-0.0011668775477971,0.02022740681282965,0.053812673171119346,0.08494902753402445,0.1749707272823464,0.36743858190852496
1768.0,0.0010637180112065979,0.030829026061599388,-0.2629231622640882,-0.07703265742332265,-0.0449213024600506,-0.017013095820198474,0.0015064019156321,0.01885022497550595,0.04824763445479031,0.07591619842113419,0.1757947252033888,0.438717887467477
1768.0,-0.001301064764595129,0.03285418109247063,-0.1668036438321019,-0.0871150793666198,-0.05137658610852131,-0.021515692447043273,-0.0014639488843005998,0.019304061809827022,0.04990219960704544,0.08152064194242405,0.1428076141790696,0.3096112580111715
1768.0,3.669743060497099e-05,0.030913673931670327,-0.1529434721273861,-0.0711145261783019,-0.047081635030261436,-0.017865000418024052,0.0001391071302837,0.018167325856021,0.044445295941594576,0.0789088612653045,0.2961805999062111,0.44912407203359717
1768.0,0.0010500899054335254,0.02685020586820753,-0.2071075744861061,-0.06556988138553167,-0.03914789847886717,-0.014686347252416,0.00087481380524495,0.016938218268108825,0.042188016891119604,0.06424277892927521,0.1651143828973665,0.3722219573834726
1859.0,-0.00018633382018914445,0.01816545717681218,-0.0826753588192589,-0.05128860973560278,-0.02959818092479185,-0.0106272297505836,0.0001682527619497,0.0105576312145064,0.02696143663148078,0.04737624576051792,0.1128077668523248,0.1954831256715837
1768.0,-0.0004365752996584343,0.020271567013922624,-0.1373523316790821,-0.04731222975271609,-0.032710513906498574,-0.01202059763904775,-0.00051801758807955,0.0114372772859683,0.03154341587730753,0.04796985847205797,0.1397615163172647,0.27711384799634675
1768.0,-0.00016278776533258071,0.03775389078169372,-0.2736910836209928,-0.10562104038053792,-0.05628974961660019,-0.020680114038269123,-9.28120316392e-05,0.020328017597200147,0.05461292175538944,0.10202302130013963,0.209222385319599,0.48291346894059184
1768.0,-0.00014753573177912703,0.04013999448282324,-0.1820730186117345,-0.10205400782665053,-0.06141298775073733,-0.02253999289461705,-4.17893053968e-05,0.0228512328951518,0.0582881733112108,0.09631009287922468,0.3804383602426192,0.5625113788543536
1768.0,-5.490833595466656e-06,0.02205126185172446,-0.1439881808920121,-0.058918488513984936,-0.03323603247617416,-0.012730170079084351,-0.00032947995881635003,0.012348001175947325,0.03558725674648564,0.05653993096445733,0.1287182686719301,0.2727064495639422
1859.0,-5.9181168142434005e-05,0.01838151214965218,-0.0936354102993643,-0.04399653507557457,-0.03006072756963282,-0.0118715565187111,-3.68381868854e-05,0.011159726409893399,0.029289232851601534,0.045528511140810544,0.0881979727424274,0.1818333830417917
1859.0,0.0001527981983641591,0.019463360720888858,-0.0847250518448021,-0.0466861029895472,-0.02983193880784154,-0.01255204182227175,-4.1012347497104e-06,0.012902893749231401,0.032254751116887546,0.04699259689137223,0.0922667024024848,0.17699175424728691
1768.0,-0.0011769771441228673,0.03439361940430917,-0.1683125783250827,-0.09211454929815031,-0.05895661844624864,-0.020442008108524725,0.00014925047664250001,0.01927043475234505,0.052559610063997356,0.08336821917004796,0.1407583895600483,0.309070967885131
1768.0,-0.00024025164669145486,0.02155386540262756,-0.1420481802829273,-0.057467212832576275,-0.0326694734851169,-0.012377722728879274,-0.0003391533058756,0.01173054568397785,0.03460811233053377,0.05711894928883846,0.1258131257828611,0.2678613060657884
1768.0,-0.0013772230602491044,0.05052233716266552,-0.4203552887978997,-0.12398962975347137,-0.05844213717863967,-0.02176396981125675,-0.0031270158877328,0.016077545888255003,0.05616180909896184,0.10499211021764554,0.8822960281708133,1.302651316968713
1768.0,0.001029281648404695,0.023765418586118043,-0.1226165467267466,-0.05790065939620892,-0.0376493242133262,-0.014132620763845725,0.00148062232908835,0.01567561299775975,0.03986174716471294,0.05765381701071072,0.1045201640005506,0.2271367107272972
1768.0,-0.0009474684534660099,0.024137567557106682,-0.1102608019086037,-0.06139988294317091,-0.03727103869356676,-0.015702440704501826,-0.00101107029065405,0.01329237919162885,0.03929131136062235,0.06101658350694708,0.1383180467642788,0.2485788486728825
1768.0,0.0004710713771751364,0.02031914663681023,-0.0973052964201533,-0.04735130921295802,-0.03134313514105655,-0.01253703366498975,0.0005071753894415,0.0131187029256086,0.03324514463260561,0.04966855216762991,0.0992722751688518,0.1965775715890051
1859.0,0.00043747323687341505,0.015847466208705602,-0.0900788108223855,-0.04040846432334048,-0.02651232504892058,-0.00871334938228335,0.0008887917612336,0.00985932565209735,0.025874823318640168,0.03917013209518895,0.0650370329389108,0.1551158437612963
1859.0,-0.0002899736730958974,0.019968715752429714,-0.0867943774028781,-0.04556954044853703,-0.03244681442360472,-0.0133919515621818,-0.0002364412707428,0.012691600378667602,0.03214457347405773,0.04844092753339768,0.0791170181015007,0.16591139550437878
1768.0,-0.0007652042383392804,0.026925843551761388,-0.192597462596054,-0.06104235435245597,-0.04122614325783518,-0.017674925310517224,-0.0015034804714361,0.0147927477048238,0.0432056169335074,0.07155360864557321,0.1609475023852104,0.3535449649812644
1768.0,0.0014029570646986586,0.03669732657099286,-0.3166996963368622,-0.09452082177962567,-0.0531332475065903,-0.017995825788680652,0.0013872780226662999,0.0221583060205597,0.058171422460890604,0.09800807207690634,0.2123076853710175,0.5290073817078796
1768.0,0.0004114258144324503,0.04173443567175803,-0.2170470674041053,-0.10272299234312578,-0.057123809567510966,-0.0226724235565969,5.04718411987e-05,0.0227906337105282,0.060948797143452416,0.09144200068972272,0.4866214739358043,0.7036685413399095
1859.0,-0.00030811995370593625,0.018717702299465434,-0.0861060816421779,-0.04807990189452882,-0.03102477659812366,-0.0109589347973851,0.0003268655434996,0.010517231336388301,0.028662440185476062,0.04455999337127469,0.1276433074789773,0.2137493891211552
1859.0,0.0006788032850588362,0.022490370454103452,-0.0991536213197063,-0.05453613986243511,-0.0371144177740064,-0.0129949703737024,0.0001545070026684,0.01501717666099525,0.037362302148801756,0.05545228963524698,0.1027648800045003,0.2019185013242066
1768.0,0.0007253732094502465,0.05151724718294814,-0.8486298605025651,-0.10613339680708515,-0.06729074282466195,-0.022570360975303475,0.0020321048747922498,0.025361650397118823,0.06828899170640204,0.11581050221211095,0.2528290131045885,1.1014588736071536
1859.0,0.00021328989379417815,0.021467589799322867,-0.1023886250853773,-0.05312859004664444,-0.03397407627777597,-0.013694971902305,0.0002122729291953,0.01397936791314595,0.033919002499177724,0.050885879366066034,0.1023607570483332,0.2047493821337105
1768.0,0.0007247466580458073,0.024567401064162473,-0.1305153239003877,-0.06010215862221932,-0.03895599799898525,-0.013991697024574149,0.00052098518302665,0.015023718706253276,0.03941757242368743,0.06844024185051777,0.1246714804888985,0.2551868043892862
1859.0,0.00017494910908382195,0.021779099616768913,-0.1010803868203167,-0.05487924815677096,-0.03285031991036429,-0.0141007508186462,-0.0001745877270171,0.01446861989192895,0.035869860532231804,0.05263440110692009,0.0979151177103921,0.1989955045307088
1859.0,-1.1274340001747757e-05,0.01763972788058622,-0.0691890417285992,-0.04527501884275476,-0.02890823887807923,-0.0107695176728498,-0.0002830810707817,0.0113450868641062,0.02931690158142458,0.04262634663247626,0.08080437099089,0.14999341271948918
1768.0,-0.0004837969894999439,0.022359976129474168,-0.188211618438343,-0.061564446675633766,-0.032921196404259064,-0.01296823962599735,-0.0011675320315062002,0.011897672825767775,0.03308489691936969,0.0596757295907285,0.1548984351864605,0.3431100536248035
1768.0,0.0009691247346301,0.02312645205380581,-0.1062664811805839,-0.058793035873500085,-0.0380136148638996,-0.011898009559637001,0.0016232768476105,0.014380316432617075,0.03635847686934592,0.06089441129563195,0.1439935048150902,0.2502599859956741
1768.0,0.0009124043167748689,0.03695844785971505,-0.3879418938636665,-0.0956256724481019,-0.05392750352294909,-0.018296798320827,0.0021317808498329,0.021988612330020252,0.05151538882358041,0.09319814713154495,0.281440389279588,0.6693822831432545
1768.0,-0.0014357874971474358,0.05282484803153037,-0.2461588197982055,-0.14153051446861153,-0.08639789008422864,-0.032315702010095,-0.0003975939510831,0.0301707610927676,0.07722841127276446,0.1402537523094965,0.2155818951327693,0.4617407149309748
1768.0,0.00021890311144245707,0.053337243597654814,-0.2750238423596939,-0.1457029664860513,-0.08136579928407434,-0.030904033529582677,-0.00012319087161725,0.03213188619974272,0.08665654968759647,0.1404059807175343,0.2693889722897164,0.5444128146494103
1859.0,0.0001795567443973082,0.021722100481484288,-0.1011010514637644,-0.05343905440831344,-0.03370689971916498,-0.012813396448766948,0.0001220497682852,0.01306079935604925,0.03364077088700919,0.05456240109763774,0.133476787003004,0.23457783846676838
1859.0,8.73240090825921e-05,0.018710424178369295,-0.1183252463453618,-0.04512471908834365,-0.0287102841701674,-0.01124799368389075,-0.0001765753695092,0.01077144089022135,0.03061227804991272,0.04819463561529028,0.0880329375482632,0.206358183893625
1768.0,0.000324432688619764,0.03210919353157961,-0.2593638832603385,-0.0826554436116491,-0.04629629794786211,-0.016282268064153425,0.0007793228580572,0.016650498621609125,0.04441272662221455,0.079321348182955,0.249809883879842,0.5091737671401805
1859.0,-0.00020234323461566298,0.016987067078526943,-0.0674607789867304,-0.043484465919590806,-0.02815257795669554,-0.0100793847661927,-0.0005560194473359,0.010016828228936049,0.027575722449871443,0.04347683356408036,0.0946898454364659,0.1621506244231963
1768.0,0.0010079260916054508,0.030253303364926758,-0.2575643684762301,-0.07173142498777935,-0.044594423684031236,-0.017442501917854125,0.00096315357213335,0.01854567811634885,0.04992810244318771,0.07502678102134269,0.1710766096000947,0.4286409780763248
1768.0,-0.0009424243739160075,0.024020071507056612,-0.1099581303512637,-0.0608078578369025,-0.03766765458849266,-0.01554122574031525,-0.0009038334723554,0.013165799327039776,0.03900702212584174,0.06018095643111589,0.1341452071899481,0.2441033375412118
1768.0,-0.0016152196846933125,0.030544751009029675,-0.1516500778692898,-0.07902075744491607,-0.04812821249306065,-0.020092380601911,-0.00174717756192535,0.01624001186493785,0.04791483726584219,0.07290724936959193,0.1426700997256207,0.29432017759491047
1768.0,0.0011971500733883869,0.021476183680263692,-0.0902096423602748,-0.0521431267605392,-0.032018114175164515,-0.012252288204624425,0.0009575601481553501,0.014549100457530275,0.03490024466868662,0.052942920477470394,0.1359362567620581,0.2261458991223329
1768.0,0.0012278780924943721,0.027853435112015965,-0.1519845431820346,-0.06690347527685092,-0.04201562329258832,-0.01639316762258465,0.0010670449229376999,0.018054767971909774,0.04630585946896216,0.0655414764307229,0.1877937644301073,0.3397783076121419
1768.0,-0.0003193571758334773,0.043734652238660396,-0.5677464100312455,-0.09895160845945326,-0.06391911706838417,-0.022568141671397327,9.07445781994e-05,0.021374164163997626,0.06278475597871395,0.11531410394184288,0.2713753698866298,0.8391217799178753
1768.0,-0.0010615570221031768,0.04172154854302658,-0.2814264494927901,-0.10083304752682877,-0.06582554495164293,-0.0247486167664621,-0.00066386858431555,0.0230297769631193,0.06273425097035445,0.11328160440696937,0.2376070190615498,0.5190334685543398
1859.0,0.0005171339170117193,0.021387326104942875,-0.0916647615100889,-0.05160411725897248,-0.03205578992323909,-0.013713298263160999,-6.38284180689e-05,0.01415530131544975,0.03577142393174592,0.05173771000915063,0.0951706183942757,0.1868353799043646
1961.0,-0.0005747457799452837,0.015911795440920213,-0.0733429329622814,-0.04271279608949924,-0.0270939935032076,-0.0101380277407245,0.0002844141088568,0.0097651020095673,0.0239606420013993,0.03294866761577011,0.0526363804198922,0.1259793133821736
1859.0,-9.435012359693618e-06,0.02408216540122747,-0.0931328094117978,-0.059837948380219615,-0.03798281367869161,-0.0154855657653358,-4.080044377e-05,0.0148265444372022,0.039350526013142866,0.061983273700607966,0.1139515737957942,0.20708438320759198
1859.0,0.00022230715039098426,0.024584718064192736,-0.1323995055339006,-0.06327993448445846,-0.038802228961560534,-0.014788058051401601,0.0008278174456719,0.01441730253081695,0.03915077335250238,0.058782167584471016,0.1002272599539757,0.2326267654878763
1859.0,0.00015528893554923837,0.02545720839925333,-0.0902576180872744,-0.06644969307240138,-0.04062843857979851,-0.01542858023782415,-0.0003226125660331,0.0164662268345383,0.04217085245057318,0.06504665589019239,0.1332910583749617,0.22354867646223608
1768.0,-0.00011656056793254121,0.023736736250399647,-0.1247536093890863,-0.060105117412910074,-0.036648003557196496,-0.014219734916958025,-0.0008728869594564999,0.01385118207757665,0.0383838124057543,0.06252617998851745,0.1044948441715921,0.2292484535606784
1859.0,0.00036908020687212505,0.020249087990168176,-0.1013519147756826,-0.05444409741506554,-0.031969515383479856,-0.011456856350016701,0.0008466235483744,0.012033564199925649,0.03373640125681606,0.053932302815225965,0.0839767137499445,0.1853286285256271
1768.0,-0.00025131391647271117,0.06292827604449647,-0.9151483861585584,-0.12511773516878325,-0.07791210226448422,-0.02695961865572405,-0.0006619742126339,0.02643236658456115,0.08029320271864625,0.167793527914555,0.4339691777855191,1.3491175639440776
1768.0,0.0003397347207055309,0.037657678019861335,-0.2452249915341602,-0.09430193516677637,-0.05663699953017913,-0.020453032457795048,-0.0002441223870951,0.020968707305236776,0.05824605962950426,0.09897946496637766,0.2894983354804254,0.5347233270145856
1859.0,0.0007543818948579735,0.026307332433497053,-0.0933497744957728,-0.06303474290875292,-0.04104043078214066,-0.01616985136720675,-0.0002286589617439,0.016299545801670097,0.044316938466425294,0.06860196773792622,0.1217101929488443,0.21505996744461708
1859.0,-0.0001703713138206537,0.025906257371227006,-0.0961838743094039,-0.06186242332796489,-0.04196030438818646,-0.01690971717019875,-0.0002704225207981,0.0164516645692124,0.042210083350606754,0.06471966145187638,0.1385365861260393,0.2347204604354432
1859.0,0.00010021958855382973,0.021067227032213802,-0.0903220282719226,-0.05099939952405108,-0.03289451614206572,-0.0127799844220514,0.0001148439135862,0.01252744645105255,0.03551244579537624,0.05342237523701769,0.0750807861812203,0.1654028144531429
1768.0,0.0006574505635874621,0.05349108566012053,-0.2308065710452499,-0.1348683112317603,-0.08473102655465,-0.031017216125716302,-5.7796171722350004e-05,0.031640992431091725,0.0839859849366946,0.15838011887959882,0.2522443086232208,0.4830508796684707
1859.0,-0.0008434587499187812,0.025749607794292886,-0.1169748692482573,-0.063506849273107,-0.04338035430102011,-0.017059481145680802,-0.0008454142987643,0.01533238497531915,0.03969344545939021,0.06382469511226664,0.1016656316281826,0.21864050087643988
1768.0,0.0005832000789563379,0.02855543030513429,-0.1316018519743403,-0.0723302563654548,-0.04531337641074904,-0.016683443550416326,0.0004944217806439,0.018972004566927672,0.045131730417271844,0.06960835383482201,0.1136043277252464,0.2452061796995867
1859.0,8.418116980113225e-05,0.027050775710032456,-0.1001731201059747,-0.06840144908354269,-0.04228360149809288,-0.0171874210951033,-0.0010524761931775,0.01684512074828235,0.04409153721531247,0.06781090717493106,0.1456658910592621,0.2458390111652368
1859.0,-0.0011460908269231523,0.023261130226296126,-0.1012968858534916,-0.057986310470177514,-0.03920776350421867,-0.0161787930921852,-0.0009536656888021,0.014194730723872551,0.03600133190834842,0.05403012116624823,0.0945506674405464,0.195847553294038
1768.0,-0.002242217323611445,0.04087044771547301,-0.195252798802016,-0.10356652947660838,-0.06714283061760021,-0.026591267358236425,-0.0022342790024897,0.022768426082385926,0.06198162884190397,0.09968783390587305,0.2052932745199627,0.40054607332197867
1859.0,0.00044665570152796263,0.023736323283476513,-0.104839849507909,-0.05652370381343966,-0.03769774667688578,-0.01446937976639065,-0.0001784385255569,0.015216119171314949,0.04024813007929136,0.05764943845631111,0.085596509258286,0.19043635876619502
1859.0,-0.00048120236855591963,0.030356071361484317,-0.1224808655202887,-0.07239992609076039,-0.05002443994283632,-0.01961162080123675,0.0001773577855571,0.0188928011348596,0.04834746608442627,0.06838498187492292,0.1642964079227021,0.28677727344299075
1768.0,-0.0015741243734107315,0.026319853247367228,-0.1302073863084388,-0.06385942841211652,-0.04265328524254642,-0.017491884979522,-0.0014037756941718,0.014146545130051326,0.03932361026898344,0.06782062712842866,0.1437845063889237,0.2739918926973625
1768.0,0.0007360914952218079,0.05974993365697536,-0.6524501293554601,-0.15019370654885297,-0.08416185961124047,-0.029950548908882848,0.00120978303121375,0.03178484997948095,0.09032270883926576,0.14894130856031454,0.2861211482585871,0.9385712776140471
1768.0,0.0015339791036574435,0.03622879375581833,-0.1751643279535067,-0.08927715955482148,-0.05396070570990707,-0.0207277972083895,0.00102246588900055,0.0235036661998168,0.06031583255276465,0.09362349130774024,0.2046088637668631,0.37977319172036983
1768.0,-0.0007518261189768894,0.040315391083165966,-0.1883063297797587,-0.10315088021922945,-0.0624853351846995,-0.023935512106065426,-0.00083319472246905,0.02208473636253255,0.06054214844919896,0.10134718857309531,0.2087568150006822,0.3970631447804409
1768.0,-0.0007001578983443548,0.03918539516709892,-0.2120559170851677,-0.09336816584802443,-0.05975557632849745,-0.02570725161050825,-3.67144157051e-05,0.0227273436798434,0.060299252128161944,0.09425713419220819,0.297973202546112,0.5100291196312796
1768.0,7.628592496345952e-05,0.020229704300957226,-0.1259842418454904,-0.052153640342025395,-0.0316525876588625,-0.011171814280376375,0.0001727666874967,0.011896733985253075,0.03123248656157265,0.044998507313866676,0.1176090086747516,0.243593250520242
1859.0,0.0005090292465265037,0.019563629750600654,-0.1240075785894633,-0.04981255547071737,-0.0320347750351314,-0.010292534459917301,0.0011696530604206,0.0125058463045233,0.030531522796327055,0.04601262220104435,0.0769548544613357,0.200962433050799
1768.0,-0.0007012250659370708,0.02799636487399418,-0.1962921607056105,-0.07543548347048663,-0.04386985146108689,-0.016556488551830374,-0.00078305144049105,0.015229701271233426,0.04168784742428938,0.07267442133264916,0.150034661782473,0.3463268224880835
1768.0,0.0014091338335792643,0.0383903732238336,-0.1917272394166888,-0.09418190851270515,-0.05713703178693552,-0.020798576560612975,0.00029387325517355,0.023385577399181675,0.062480287640448946,0.10903699302962022,0.1797202850732213,0.3714475244899101
1768.0,-0.002668375503407679,0.04736597403059831,-0.2066145522489766,-0.13516026392929267,-0.08195922105421463,-0.028935155190309876,-0.00179090500814735,0.02419286617154105,0.06878945120955435,0.11601260187782322,0.2019049936015832,0.40851954585055983
1768.0,0.000525880971338396,0.02571862052110449,-0.1474038011494649,-0.06468788371147771,-0.040824920862806334,-0.014742741879580225,0.0008527661000450001,0.016760716285206374,0.03962603728121111,0.06672077282724588,0.1008952693566005,0.24829907050606542
1768.0,-0.0008741307342020819,0.022969252255989146,-0.1031918651636359,-0.05333572796380734,-0.03684033486390406,-0.0148104361053514,-0.0012088259995411,0.012336744527463075,0.03595080939011163,0.06170182033751332,0.1281854508907572,0.2313773160543931
1768.0,-0.0009639505305065198,0.04758334107545003,-0.2676427052254658,-0.10039219995746372,-0.058065121296590444,-0.022869694870330873,-0.00256921605413215,0.0159539678968261,0.056261571297245364,0.11305435518511632,0.5910994363842066,0.8587421416096723
1768.0,0.0006161214113895596,0.02402412608869702,-0.1333534380379057,-0.06192026480797422,-0.039082205760688334,-0.012979610386549125,0.0005202745967532499,0.0148598412480082,0.03790705118639347,0.05952320954117841,0.1452906137203284,0.2786440517582341
1859.0,-0.0006474696451246424,0.01900715816096578,-0.0747025548551725,-0.04657630002101917,-0.03118028357100931,-0.01195246536211835,-0.0010086729682898,0.010097460193491701,0.029334736966558052,0.05080188236727479,0.1039807223677385,0.178683277222911
1768.0,0.0008762595033653322,0.051332218294780727,-0.3424079084819682,-0.14199180232677897,-0.07864883139883143,-0.02621555299386485,0.00202338301020165,0.03008991180689495,0.082065070538327,0.13140730692993635,0.2146731171917496,0.5570810256737179
1768.0,-0.0010791235847635145,0.06289403645171607,-0.2528908111085574,-0.16698021972377833,-0.10251547621693079,-0.03720341747144828,0.00062098603934695,0.03508805590396352,0.095389573951503,0.1606088844294482,0.4269557548115626,0.67984656592012
1859.0,-0.0001673155901800757,0.023035581666637092,-0.0802908930059849,-0.05409746104313547,-0.03818343778511047,-0.0149413419315479,0.0003156343623376,0.0138355703356919,0.03562913798246084,0.053999111694960966,0.1165171826755285,0.1968080756815134
1768.0,0.0006392326314345506,0.02432756618387394,-0.1183506429843248,-0.056662340264018896,-0.038124887378965376,-0.013237430698870224,-0.0001298787726175,0.01496366442049085,0.04016470952629171,0.05661325449920604,0.1773023299513271,0.2956529729356519
1768.0,-0.002984781659524566,0.0444853992868696,-0.226411054117907,-0.11065832893849437,-0.07343094151750067,-0.030017979621455526,-0.00215125944519765,0.02256639732435775,0.06786630824935029,0.10128835767605482,0.30567654001224,0.532087594130147
1768.0,-0.0014265690504880791,0.028018581804827566,-0.1181334099855525,-0.06599515954387658,-0.046570319803852504,-0.019308826528357623,-0.00161040382453915,0.016710230597865073,0.04415518321303467,0.06543832034701916,0.1467377191018694,0.2648711290874219
1768.0,0.00010655915099158202,0.020515247264977825,-0.0960223489527399,-0.04795434700513617,-0.03118178275525939,-0.0116694111409472,-4.09260907891e-05,0.011015777569897526,0.03206493454521648,0.0601985700248252,0.1230105598531501,0.21903290880589
1859.0,0.0004525895979595958,0.02288869377508481,-0.1105703626423796,-0.054655759571790224,-0.03657053823067224,-0.0141003692512849,1.803710636e-05,0.0149241780936242,0.0384128904480799,0.05586246682500419,0.0879742699010263,0.1985446325434059
1768.0,0.002016987328935021,0.04860020481262308,-0.4124998481266026,-0.13078724068600928,-0.07189380691658322,-0.023134376915612726,0.0030830284398409,0.03001458961064015,0.07210105595390646,0.11327671916646358,0.3083878306010296,0.7208876787276322
1768.0,-0.0011234618532086043,0.02530940369220008,-0.118897505953452,-0.0642283711315146,-0.04114691732106745,-0.016073158007767926,-0.0013801370687925,0.0135274101866392,0.03758081439809496,0.06477431909632446,0.1501384592684827,0.26903596522193474
1768.0,0.0023356570381488613,0.03614596597338706,-0.2231450474914759,-0.08675383485761122,-0.05508208225311743,-0.018660173098993725,0.00328481069663635,0.0229466957512002,0.05964370893004469,0.08941859658968646,0.2403859376564504,0.4635309851479263
1859.0,-0.00011255925401084519,0.027965878674361726,-0.1251851807965262,-0.07031013548123942,-0.04486458821172238,-0.0174633020552113,-0.0001486524656748,0.01763918025464845,0.04564223845149836,0.06818989068010534,0.0959426194871148,0.221127800283641
1768.0,-5.53370615485254e-05,0.0491317992501762,-0.2456695937824179,-0.12522252829865765,-0.07785586729403343,-0.02701572085749775,-0.00033461418148235,0.02695439137926075,0.07368847562644767,0.13519461685669665,0.4359047963635508,0.6815743901459687
1768.0,-0.0014087280303540317,0.02803137046471422,-0.1227071800482026,-0.06512332294461208,-0.046733623968716935,-0.01921306116990365,-0.00156323715647105,0.01713953690497865,0.043867846040757254,0.06515220915914294,0.1468448975576731,0.2695520776058757
1768.0,-0.0005326749508930253,0.026207108587933146,-0.1732418981256265,-0.06697199384186789,-0.03771886078525748,-0.015643187854295425,-0.0011227065801506998,0.0143541231928215,0.037986091051083824,0.07114963117753582,0.1665675593264428,0.33980945745206925
1768.0,-0.0006024114244942702,0.022740668624788508,-0.1247984227145987,-0.05700992179654893,-0.036152513193937495,-0.013910930387044575,-0.0006941836871831,0.0121234258711332,0.036830455385049456,0.05890527855986035,0.1083106551355148,0.2331090778501135
1768.0,-0.0016293080237578391,0.036767979347671155,-0.2495811183210216,-0.09152973844373974,-0.0586246680321236,-0.02364204990503685,-0.0023061418580385996,0.019189870235828924,0.05503046810034366,0.08669938960361298,0.3200956453069515,0.5696767636279731
1768.0,0.0002552382524005931,0.022501886404485062,-0.1410381014401954,-0.056084209053197616,-0.03432989928250155,-0.012177236212028425,0.00048802364311995,0.0135459053645232,0.033689617292580354,0.05078551725792421,0.1348170403868376,0.27585514182703297
1859.0,0.0011022271464098783,0.01963673883169234,-0.0940425985366486,-0.05074894723025589,-0.03115202709326061,-0.010003890200907,0.0012040767334779,0.0127130759227244,0.033821656295694474,0.05136311211242377,0.0828594280210077,0.1769020265576563
1768.0,-0.001493193517880077,0.03310001261542699,-0.1899300814884736,-0.08927119761179136,-0.053546668474385516,-0.01995432684705145,-0.00192497683572165,0.017954469499106375,0.04979816086945956,0.08612199877106097,0.1757039127524662,0.3656339942409398
1768.0,0.002153321390276948,0.039682953609505175,-0.2789477589971432,-0.10640597952311341,-0.05842791958329881,-0.0201041741789632,0.003950329225841201,0.024518014301162676,0.060574685279171515,0.1031848640367847,0.2683998988222423,0.5473476578193854
1768.0,-0.00027735427602538273,0.028388419671486198,-0.1219718887733743,-0.06811563871927745,-0.047257395743881485,-0.018808219032716227,0.0004869122678616,0.0179569448857619,0.046263908953495185,0.06725539589100557,0.1516034021583014,0.2735752909316757
1859.0,-0.00014276640275395598,0.024188296268365148,-0.1624169286119427,-0.060863067860636055,-0.03707383417880482,-0.014107492756108,-0.0009459556519671,0.01388377782783165,0.03787965241121453,0.06764138072193436,0.1182584978080945,0.2806754264200372
1768.0,0.0008030999657923025,0.054554315463978494,-0.3252691435369507,-0.12617462585434144,-0.07856871568791933,-0.0262480221645094,-0.00038016586267440003,0.0270186606689868,0.07974469033590359,0.1283872156133345,0.6091382020888013,0.934407345625752
1768.0,0.00043589422651352624,0.03137093061535076,-0.1945351137847691,-0.08301651581530696,-0.04720360575941034,-0.018508455010158853,-0.00020139394625875,0.020048257680640825,0.05015800471269515,0.07781573864883604,0.1825065240339528,0.3770416378187219
1768.0,0.0005383750381148002,0.03282004682455222,-0.2752893543162886,-0.08505118771088672,-0.05125759354390705,-0.016871476112404048,0.0018177322533954,0.018065749620755776,0.04900453943444086,0.07198739195638786,0.3057778667208566,0.5810672210371453
1859.0,-0.00012381445284683114,0.02190621956931722,-0.0816334986345144,-0.05212227479012192,-0.03732032458418306,-0.0145261042787196,0.0007047758646371,0.0133153704924737,0.034779570534569544,0.053232119124919076,0.1109546566778394,0.1925881553123538
1768.0,-0.0006447165251934429,0.023467788031440118,-0.0914272848245668,-0.05656596297707633,-0.03961027473746079,-0.0155560484888035,-0.0003700861355397,0.014203519968697925,0.03620785032791998,0.05747002775283,0.1086401785820188,0.2000674634065856
1768.0,0.0010956418441396844,0.0323677291974086,-0.1977695411760376,-0.0837621545676227,-0.05023644991321579,-0.018274493626770798,0.00252899830572455,0.021481210922418753,0.04747506559133671,0.07120256771124527,0.2137942326721594,0.411563773848197
1768.0,0.001930396313561313,0.03790390412928864,-0.1801357832549111,-0.10292870299853368,-0.05646358916446355,-0.019189136357616775,0.00189362222509195,0.023499143047440475,0.05960586435256534,0.09814512379913294,0.2661794582586194,0.4463152415135305
1768.0,-0.0010850505746078304,0.03380902059401286,-0.1776425892949664,-0.0848240804290966,-0.0523380980930004,-0.02059979632617085,-0.0015806335681245501,0.01874969334960955,0.052092025800874714,0.0839235775397314,0.2413779009448383,0.4190204902398047
1768.0,0.0008672634896702439,0.05190363136295298,-0.2704174679430286,-0.13690204466037054,-0.07521315410449875,-0.026475673883587375,0.00024078352831005,0.027312006893899,0.07287232182829083,0.1252773082076846,0.5384805680293622,0.8088980359723907
1768.0,0.0017614176602093695,0.03291567805894664,-0.1578354258480891,-0.0777634640844589,-0.04982004118697904,-0.017407858181633026,0.00148556469600155,0.022063817622847925,0.054987655939011094,0.08304288971546417,0.1978206523654404,0.3556560782135295
1961.0,-0.0003966395668624877,0.011791695610399354,-0.0859704135158111,-0.03344829115711854,-0.0184060377641065,-0.0061182639198812,-6.95112202973e-05,0.0063218541790999,0.0163190785371993,0.02582046089893867,0.0695102466817292,0.1554806601975403
1859.0,0.0007201590966335256,0.026301433833902294,-0.1242265799738602,-0.06497065360114523,-0.03852846214961113,-0.0151425707700473,-0.0003430810134846,0.0167611616830061,0.04361060733885187,0.0683653939664236,0.125134884437271,0.24936146441113122
1859.0,0.0006030129850883635,0.027429874340002894,-0.1265871024137953,-0.07347078668249642,-0.043283375691779334,-0.01498524288622555,0.0010220429114123,0.01733141307991645,0.04266919384203987,0.06381047809298651,0.1734267078048204,0.30001381021861573
1859.0,0.0009436725316285718,0.02876171141416211,-0.1180743540415815,-0.07053545546024488,-0.04298704234556834,-0.016777937270271853,-0.0003314895234542,0.0179979917603345,0.04861123454106987,0.07318982066673581,0.1551831351837892,0.2732574892253707
1859.0,-0.0012198088423038586,0.025157723410905893,-0.1073841134771584,-0.06863772923027,-0.04162906662277155,-0.0159532933019236,-0.0020804863480951,0.01468504015777025,0.037686484725420695,0.06364327715281286,0.125282117831281,0.2326662313084394
1768.0,0.000590980804766733,0.06142038232866545,-0.2285453921859573,-0.1441378579127036,-0.09783257531055409,-0.0372700688156644,0.00021790378001655003,0.03530428089810818,0.10290267426123695,0.16826458597852995,0.3009149961525624,0.5294603883385197
1768.0,0.00019113638254236617,0.04321473070137361,-0.1530458123921224,-0.10116145776636577,-0.06611126682257146,-0.025308838953537475,-0.00098405496933835,0.0261967403227461,0.0661597776187604,0.10675901639328521,0.3652141671712052,0.5182599795633276
1859.0,0.0007165942557369503,0.02542725678552599,-0.1407119674737848,-0.06154248323333452,-0.03916754558281217,-0.0144912392312904,0.0004862772375802,0.01505122384966395,0.04231979079380231,0.0713349056889031,0.1147319067876284,0.25544387426141324
1768.0,0.001519367965553548,0.03139419673001488,-0.1883821610086641,-0.07970886850538784,-0.046429097056877186,-0.0177095644738599,0.0014032378910056,0.021819915552221826,0.05226066212406617,0.07332479009836425,0.128902156424754,0.3172843174334181
1768.0,-0.001611657721118539,0.0413982108553492,-0.168324385432926,-0.10981392461753808,-0.06764347187338267,-0.027626471509909226,-0.0013005630325779501,0.023737813233091227,0.06273772560076123,0.10389171417776176,0.2538187686529083,0.4221431540858343
1768.0,0.001539317294992372,0.05329766854560908,-0.3488854519745447,-0.1549563510154705,-0.08387291791677862,-0.028061968954858275,0.00074613217882395,0.03497578813311415,0.08256027353142138,0.1235515645036126,0.2915505703796094,0.6404360223541541
1768.0,0.00240251684824908,0.07215343454836107,-0.9010040294517306,-0.153114237149428,-0.07744594104647638,-0.02195702016457015,0.00554775633951495,0.033383467223349554,0.07576391843550008,0.1697394849779228,0.5135834696136504,1.414587499065381
1859.0,8.015834937674585e-05,0.030715753446153807,-0.1726911492263261,-0.0803964376164617,-0.04704055306981804,-0.0181002055682898,-0.0003820484043087,0.0182599119850146,0.04999710298844535,0.07691035457395795,0.1424834527414431,0.31517460196776925
1859.0,-0.00085713142867699,0.022022050567674194,-0.0843374061916418,-0.05702503004528393,-0.03471056293014765,-0.013903165133323,-0.0014321767058847,0.011081654085498101,0.03482110518993522,0.06210090959457535,0.112053113594687,0.19639051978632882
1768.0,0.0019773434247846835,0.03034803088975655,-0.173460714592466,-0.08122336550677607,-0.044783976154740175,-0.0159499806175701,0.00147950493655285,0.02069785081631755,0.051194368043456014,0.07791793629800953,0.1304529021619452,0.3039136167544112
1768.0,-0.00032750861793798145,0.0484787383520011,-0.2344665087743876,-0.1243562844841441,-0.07174263620746447,-0.0262258497795312,0.00075802074570355,0.0248834088872183,0.0680859826045788,0.11818978945136341,0.4988967176000233,0.7333632263744109
1768.0,0.0003458954746717424,0.06830814570016545,-0.636494446127804,-0.16759876180622724,-0.1002664362987097,-0.035826827059625,0.0016313759439711998,0.03882228308009908,0.09711402761871915,0.16709154075574095,0.3312255379864877,0.9677199841142917
1768.0,0.0013373590289714463,0.043320605533922266,-0.3019625336788832,-0.10674697191033618,-0.06493769726380628,-0.023396007146863074,0.00191991192244755,0.0277131437728563,0.06575705248869775,0.10259874601721623,0.2451226824025152,0.5470852160813984
1859.0,0.0008928803756061909,0.027486969757128752,-0.108630663776754,-0.06392205935261996,-0.043245770818406686,-0.01707386713774925,0.0010722036556103,0.01813221313803775,0.04645658060942883,0.06860301905255331,0.122790101532291,0.23142076530904498
1768.0,0.00025538377019562936,0.025036396262905092,-0.1168459745096408,-0.07153632701511305,-0.03951481258713677,-0.01410900690329335,0.00066643492828905,0.014976537962702,0.04057585512935322,0.062297856820306335,0.0979158699024713,0.2147618444121121
1768.0,-1.5912555061521095e-05,0.029740230268754216,-0.1428542150258157,-0.07605837038220058,-0.043327157613481035,-0.01689304324595495,-0.0011572603067975498,0.015432268111657325,0.04646557079413589,0.08401230570913383,0.1983674392438771,0.34122165426969275
1768.0,-0.0004818818569714398,0.030226954834300195,-0.1151859273532488,-0.0701919751459331,-0.04805364679609099,-0.019365835432255347,-0.0009430300954957,0.017556758742069,0.04452953926030382,0.07897159323444945,0.2067414550404493,0.3219273823936981
1768.0,-0.0010030253003340153,0.07038218244039657,-0.9255168703944424,-0.15313524530333658,-0.08477692228362424,-0.0298455101143005,0.0001768659980445,0.02668338054096405,0.09394338763100965,0.17353330329041064,0.4728752810561922,1.3983921514506346
1768.0,0.0010426511993821541,0.03420644519219969,-0.1547864832098345,-0.0810719150832238,-0.05184970471247543,-0.02073537164983555,-0.0002800846981611,0.020947855968495903,0.05464954617854756,0.08970679463299522,0.2457900585082235,0.400576541718058
1768.0,-0.0007675446451399741,0.04261637544383543,-0.2177491334310389,-0.10856337456600336,-0.06375461588716635,-0.024287029263409997,-0.0019597907989737,0.021008333047365074,0.06194838794787593,0.10507556707378038,0.3487713181010274,0.5665204515320663
1768.0,-0.002563437226745134,0.0454911819770617,-0.2779963208202907,-0.10668971485906793,-0.06844227687827287,-0.030544124201762828,-0.00448269523793655,0.023087000702026624,0.0667774410408309,0.12615189986580833,0.3058250399860149,0.5838213608063056
1768.0,0.0007610083590177676,0.06716340103517747,-0.3800321533919918,-0.14985543140592705,-0.09547846787014115,-0.035515973477935725,0.00048555390817375,0.03327517442432027,0.09353643954369337,0.1478498393277192,0.6874390271923526,1.0674711805843444
1768.0,0.0003196093982574375,0.025577006475531752,-0.1256599199004936,-0.07064288778432669,-0.03947210102933326,-0.013979058198844749,0.00061802909750925,0.015858144876001474,0.040945686402037475,0.06374224278563155,0.0949120073766012,0.2205719272770948
1768.0,-0.0008078095220055055,0.03048341391848318,-0.1253719207364297,-0.07441141178008988,-0.051946271086583375,-0.019540241034299025,-7.967039622579999e-05,0.0179453886692523,0.047650723323202346,0.07429445076498341,0.1534192901049261,0.27879121084135583
1768.0,-0.0010411769771510304,0.03035166365853084,-0.1611081491138085,-0.07986069337723786,-0.045465167103202586,-0.0194201662094084,-0.00170578266455105,0.01542605939035185,0.04696921064958686,0.07729887701051685,0.1807387634417582,0.3418469125555667
1768.0,-0.0006567615393702187,0.05686218644700888,-0.3128977339631502,-0.1388732140151604,-0.09125452009264887,-0.033404887519373275,-0.0012617584765532,0.031462900196737004,0.08885695645875821,0.16218830631733977,0.3050344864460066,0.6179322204091569
1768.0,-0.0031207378144210555,0.042629935194381706,-0.2134588967081378,-0.09987521106243304,-0.0705185553304408,-0.030163383576709123,-0.00498251922499835,0.02302936371637815,0.06455543802949217,0.10254128510357279,0.2380961964939575,0.4515550932020953
1768.0,0.0007841790140139969,0.05563026512936784,-0.5141731902888556,-0.12685836540251053,-0.07713842210129296,-0.029017477558175176,0.0012101101496905498,0.031099803525838625,0.08182565557215364,0.14380152937270668,0.3548372188371288,0.8690104091259844
1859.0,0.0006026324435437153,0.024578578012976415,-0.1277266356477543,-0.058975810983006985,-0.03781369067969174,-0.0150034273140237,-0.000584593950601,0.015950484925453298,0.042057475397579015,0.059992923030866806,0.0895078433824211,0.2172344790301754
1768.0,-0.002229082381167296,0.04213755609536467,-0.2087426530564409,-0.10749925746371744,-0.0691973853519349,-0.02699232405728165,-0.00073342480582165,0.022208739915734774,0.06502329963097003,0.1090868409373884,0.1843800776381549,0.3931227306945958
1768.0,-0.0014846974048695581,0.05276513381780703,-0.4729336214497061,-0.1374695525108513,-0.07618540420102886,-0.02919921083127975,-0.0009009953556956001,0.0256532830740115,0.0789168685696798,0.1317285477459022,0.2198493684538144,0.6927829899035205
1859.0,4.820673826514752e-06,0.030204061428208258,-0.147744305780596,-0.07632776023001227,-0.04811828877430732,-0.0179282150268349,-2.2846983282840544e-06,0.0182141375872924,0.04815381559240224,0.07778429942553,0.1706582146738125,0.31840252045440853
1768.0,0.0010447196309111425,0.026168808176226105,-0.1133967014317014,-0.06034706922891247,-0.038983654631991015,-0.016145126714637102,-1.3100730535194085e-05,0.01712590727419095,0.046650940124699114,0.06407209738187378,0.1396094233690713,0.2530061248007727
1768.0,0.0003586091703012369,0.026848809342449098,-0.1781634491814403,-0.07233722900761487,-0.04223919291689471,-0.015121732000954624,0.00078359313672765,0.0161989303268661,0.04134815149681244,0.06295703855845193,0.151419451409664,0.3295829005911043
1768.0,-0.00045017855506552807,0.030433749411064207,-0.2038170142457471,-0.08437687124968,-0.048339232364404884,-0.0170851881962667,0.00076130489663565,0.01676317000570155,0.04341219995899429,0.07817182481235076,0.1495564394194257,0.3533734536651728
1768.0,0.0010435741907920074,0.030640181340302053,-0.1800784615135927,-0.07784390636259968,-0.04802543497376294,-0.015529211312469175,0.00166817089190645,0.01961625678598775,0.045483669790619685,0.08284496496203526,0.1626320783186106,0.3427105398322033
1859.0,-0.00020533371044286042,0.026001012858292562,-0.1256162616163319,-0.05780647007630688,-0.03931636019171686,-0.01739711622671845,-0.0012261584038622,0.016168924580540298,0.04408003518644365,0.0615698415412692,0.0971586013852214,0.2227748630015533
1859.0,-0.0013098435192500587,0.025278128100662194,-0.1017452703596051,-0.06749933624231472,-0.04212161020467271,-0.015980969192245953,-0.0012808389263168,0.013421820957022799,0.039760747502630776,0.06504625657693172,0.124306746688147,0.22605201704775207
1768.0,-0.0024489523951109087,0.04572640970801226,-0.2830375476116796,-0.12723486486169078,-0.07527891655946108,-0.030427889732760623,-0.00175765482002685,0.02444035303457415,0.06802005233495409,0.10762100374457427,0.2559776244388291,0.5390151720505088
1859.0,-0.0006926026275901367,0.025693691132623226,-0.1108764804629203,-0.06365670027706807,-0.04340052409954252,-0.017002683737400548,-0.0004296502970956,0.01561674391264965,0.04123171339632431,0.061336152407412206,0.1190529573628115,0.2299294378257318
1768.0,-0.0009637145439820188,0.03134152734330631,-0.1386037833781174,-0.07366440292183238,-0.051136207599956816,-0.0206347072637332,-0.0010529406963875,0.017888148568719002,0.04754701232010131,0.07751498807561863,0.2080042325251587,0.3466080159032761
1768.0,0.0002776501443563525,0.025903547581026358,-0.204524635738852,-0.07163003510703222,-0.037119298061580694,-0.013562918251198425,0.00058666986479025,0.015631875528696926,0.04023390264731351,0.06166075688560398,0.1677362690485621,0.3722609047874141
1768.0,-0.0019921018117828827,0.041795835560681734,-0.1951987138884242,-0.10490827337500525,-0.06871774016428825,-0.02749894212387485,-0.00138719304278985,0.0225516950289954,0.06415811848691214,0.10205849652814866,0.2572015429299991,0.4524002568184233
1859.0,-0.00112842771653163,0.024433065942281822,-0.102506803520208,-0.06325566942327181,-0.03881731065361926,-0.01567887055509025,-0.0014126004720862,0.0127599798131932,0.038483588434945704,0.0662623214512983,0.1395349414479344,0.2420417449681424
1768.0,0.00016827596936788854,0.0734193365788282,-0.4287053071597637,-0.18594690703900943,-0.11023064287474449,-0.04342712537446072,-0.00142366507444905,0.043815520753204426,0.11513221986761764,0.19743038963226373,0.388126399640971,0.8168317068007347
1768.0,-0.0019472209111700244,0.0571127859615922,-0.5781694412136483,-0.13180503027533352,-0.08614890273817935,-0.02932572484326245,5.038557953785e-05,0.026993528494193276,0.08199810933776558,0.13151984785496657,0.292676663543313,0.8708461047569613
1768.0,-0.0007229555216201598,0.033678252218668825,-0.1795230123492685,-0.09215213891570007,-0.052834456785497426,-0.018109796123966473,0.00011642734683884999,0.017584970698502126,0.04673994797148044,0.08564063265387385,0.2198991635405664,0.3994221758898349
1768.0,-0.0013043075608292183,0.059521430560093645,-0.4250298011854325,-0.12309182502134003,-0.07020684856637388,-0.02755893422035655,-0.0047055587058954,0.0198804064310431,0.0664560084173167,0.15143054954987614,0.7484526041487455,1.173482405334178
1768.0,0.0011434776339173567,0.036622878821915644,-0.3024191600713111,-0.09214736495174558,-0.05185757507325401,-0.018196946480554248,0.0016801580757297,0.0202738465176093,0.05592228973111724,0.09110421543669303,0.2406543637909108,0.5430735238622219
1859.0,-0.0005641495308642183,0.023182689796932266,-0.0952699037865949,-0.06448198574855767,-0.03862627880176182,-0.014694770914439301,-0.0002302435618136,0.0137341886671704,0.035231964602761526,0.05616660718798784,0.08958069142189,0.1848505952084849
1768.0,-0.0009703716280491158,0.03151945784609974,-0.1388642555985988,-0.07533450632224432,-0.050703010053201734,-0.021035780126656176,-0.0012221380022189,0.017584778903178874,0.04735492572461884,0.07722018969003726,0.20152084280644,0.34038509840503883
1859.0,-0.0009706985267587975,0.027698932333734626,-0.1361788268177048,-0.077207802421961,-0.04587881810884404,-0.017624762970782,-6.00883334236e-05,0.01624040116562865,0.039714255877662794,0.06277560107309867,0.1399461571839894,0.27612498400169416
1859.0,0.00018942601497026821,0.029915705760032982,-0.114994625175229,-0.07341176810237542,-0.04600306867289397,-0.01914344609686075,-0.0004162324060073,0.01867254643411355,0.050493385656524024,0.07360177709402657,0.1090647287086333,0.2240593538838623
1859.0,0.0014233256854018761,0.028929273937819397,-0.1540459225331699,-0.06482879551155975,-0.04034169146400052,-0.01709374579051975,0.0007716074806993,0.0177976232533512,0.05047019538755443,0.0796875433912654,0.1375598999797052,0.2916058225128751
1859.0,-1.2512389720462788e-05,0.02929352899257452,-0.1254047716699556,-0.0708791828627853,-0.04876892697637294,-0.01810686246987795,0.0009392137003514,0.01892662628434945,0.04377038694171039,0.06846262444814219,0.1440607411689621,0.2694655128389177
1859.0,-0.00039957669354533435,0.025950148250704762,-0.1575176743919739,-0.07059583138661123,-0.04299607777404149,-0.015289396613198999,0.0007179196353314,0.015439399120139051,0.0380724044417636,0.06658027727504558,0.12200461461419,0.2795222890061639
1768.0,-0.00038524795328750283,0.07444226389210779,-0.3838969501289319,-0.15236834352278633,-0.09438763925149353,-0.037661180189510424,-0.0032949093618954,0.03326754759130007,0.09098572927893817,0.14442629678558822,0.9085237041726568,1.2924206543015888
1768.0,0.002959477586838491,0.04323003491740297,-0.2457813529805677,-0.10886667888214777,-0.06683947400014986,-0.022111030002317802,0.00352169276582385,0.0281673199417815,0.07210847914111003,0.11040318024546576,0.1697411510771249,0.4155225040576926
1859.0,0.0002473739782734539,0.024284178816607896,-0.1275246516884454,-0.05493336014375123,-0.036591525684739896,-0.01558397878666555,-0.0010529758595093,0.0154172537701317,0.04104936985337049,0.05978245851969562,0.0885020397518877,0.2160266914403331
1768.0,-0.001136007737635366,0.02507416428589367,-0.1241803605838476,-0.07001599898693968,-0.04230217094087448,-0.015604271942641374,-0.00124269212812065,0.013739028400091325,0.04008779401261593,0.06282923676612419,0.0843969479211832,0.2085773085050308
1859.0,-0.00017569921283839177,0.030922497438118306,-0.1519762148569732,-0.07752952363461532,-0.0495315092719529,-0.0196588031323447,-0.0002306220897766,0.0192613104510832,0.05008989511953546,0.07533905777615105,0.1221460875005099,0.27412230235748314
1859.0,-0.000818204793975971,0.025904999333195757,-0.1488100814742947,-0.0706609327499621,-0.04332236894981014,-0.015311481186485551,8.16437053957e-05,0.014731658462622001,0.03610066617852211,0.061830276378390704,0.1251867872300722,0.2739968687043669
1768.0,0.0012947556118304644,0.03232055089611603,-0.1805005702593329,-0.09655004289016063,-0.051311141765631896,-0.015091878050335874,0.0026082124645052497,0.019629319893485823,0.05104521470305231,0.0779959234992303,0.1871502692956616,0.36765083955499445
1768.0,-0.0033266706790013685,0.05385501564726766,-0.2123592971110629,-0.15212176805203215,-0.09627843465250009,-0.03280540018263563,-0.0022560487890809,0.027941621155348977,0.0759734360933468,0.14097029800545674,0.2449524503746288,0.4573117474856917
