,corr_spearman
US_Stock_GOLD_adj_volume,-0.16543803528073375
US_Stock_BP_adj_open,-0.11967312260104074
US_Stock_BP_adj_high,-0.1187432320044839
US_Stock_BP_adj_low,-0.11862963670760389
US_Stock_BP_adj_close,-0.11720607773609369
FX_EURCAD,0.11639446817888262
US_Stock_OXY_adj_high,-0.11563892397089932
US_Stock_OXY_adj_low,-0.11546268658187384
US_Stock_OXY_adj_open,-0.11542593231952789
US_Stock_OXY_adj_close,-0.11450552533569512
US_Stock_CVE_adj_low,-0.11046015841920791
US_Stock_CVE_adj_open,-0.10994390658192657
US_Stock_CVE_adj_high,-0.10970596591567897
US_Stock_CVX_adj_open,-0.10930929697768818
US_Stock_CVE_adj_close,-0.10886703266037819
US_Stock_CVX_adj_low,-0.10838379936940959
US_Stock_CVX_adj_close,-0.10739390226560501
US_Stock_CVX_adj_high,-0.10705217663820778
US_Stock_HAL_adj_volume,0.10564527901011268
US_Stock_SLB_adj_open,-0.10450013157950769
US_Stock_OIH_adj_open,-0.10430990373769954
US_Stock_SLB_adj_low,-0.10367959429956534
US_Stock_OIH_adj_high,-0.10342997060947308
US_Stock_SLB_adj_high,-0.10301626460626213
US_Stock_OIH_adj_low,-0.1025182088674688
US_Stock_SLB_adj_close,-0.10210490891173216
US_Stock_OIH_adj_close,-0.10143753749987448
US_Stock_FNV_adj_volume,0.09998870568436079
FX_NOKJPY,-0.0989768802832924
US_Stock_HAL_adj_open,-0.09870341482305948
US_Stock_HAL_adj_low,-0.09807965486073122
US_Stock_HAL_adj_high,-0.0970335624425983
US_Stock_EOG_adj_low,-0.09625480100760501
US_Stock_HAL_adj_close,-0.09624092649238816
FX_GBPCAD,0.09587323359622012
US_Stock_EOG_adj_open,-0.09537900574874174
US_Stock_EOG_adj_close,-0.09533970921238184
US_Stock_DVN_adj_low,-0.09523388884934259
US_Stock_EOG_adj_high,-0.09492149252611161
US_Stock_DVN_adj_open,-0.09456077749395239
US_Stock_KMI_adj_open,-0.0938065638709461
US_Stock_KMI_adj_high,-0.09303211689271029
US_Stock_HES_adj_high,-0.0928251812395195
US_Stock_SLB_adj_volume,0.09273040904492749
US_Stock_KMI_adj_low,-0.09255008848003919
US_Stock_HES_adj_close,-0.09246699203120236
US_Stock_HES_adj_open,-0.0923245792496265
US_Stock_DVN_adj_close,-0.09227426177011812
US_Stock_DVN_adj_high,-0.09220656776628205
US_Stock_HES_adj_low,-0.09218223788455934
US_Stock_KMI_adj_close,-0.09164806312772968
US_Stock_COP_adj_high,-0.09148640079522455
US_Stock_COP_adj_open,-0.09116420336540491
US_Stock_COP_adj_close,-0.09020603732288969
US_Stock_COP_adj_low,-0.09002995413608877
US_Stock_OKE_adj_volume,0.0895750707532331
US_Stock_MBB_adj_high,0.08856385755437293
FX_EURAUD,0.08856015605063315
US_Stock_MBB_adj_close,0.08847342052787874
US_Stock_MBB_adj_low,0.08775021583043896
US_Stock_MBB_adj_open,0.08686874983573506
FX_NOKEUR,-0.0858992757499323
US_Stock_XLE_adj_open,-0.08433660393080267
US_Stock_VGIT_adj_high,0.08431035257521857
US_Stock_VGIT_adj_close,0.08407369438708406
US_Stock_XLE_adj_low,-0.08400853295105
US_Stock_XLE_adj_high,-0.08379763621099787
US_Stock_OKE_adj_open,-0.08367866109661744
US_Stock_VGIT_adj_low,0.08352936639553647
US_Stock_XLE_adj_close,-0.08327219738623737
US_Stock_OKE_adj_high,-0.08324507846487399
US_Stock_VGIT_adj_open,0.08308144150895597
JPX_Gold_Standard_Futures_open_interest,-0.08283747414919826
US_Stock_OKE_adj_low,-0.08221795470645274
US_Stock_BP_adj_volume,0.08141420478437661
US_Stock_OKE_adj_close,-0.08129114513886446
US_Stock_XOM_adj_low,-0.0811022802955123
US_Stock_XOM_adj_open,-0.08105006513601465
US_Stock_XOM_adj_high,-0.08040811529766366
US_Stock_XOM_adj_close,-0.08038876399930626
US_Stock_SHEL_adj_open,-0.07719632665208241
US_Stock_IEF_adj_high,0.07656965922521317
US_Stock_EOG_adj_volume,0.0763947876194922
US_Stock_IEF_adj_close,0.07622280881136984
US_Stock_SHEL_adj_high,-0.07616295702135348
US_Stock_IEF_adj_low,0.07610446578987723
US_Stock_BND_adj_low,0.07583629881052564
US_Stock_SHEL_adj_low,-0.07571011557294274
US_Stock_AGG_adj_close,0.07557615014693508
US_Stock_IEF_adj_open,0.07529104287073862
US_Stock_SHEL_adj_close,-0.07505013726171714
US_Stock_BND_adj_close,0.07488967700163017
US_Stock_AGG_adj_low,0.07482160874601022
US_Stock_BNDX_adj_high,0.07478678024685867
US_Stock_AGG_adj_high,0.07464699104694203
US_Stock_BNDX_adj_close,0.07435265002707628
US_Stock_BND_adj_high,0.07385580016213102
JPX_Gold_Mini_Futures_open_interest,-0.07358525028023533
FX_NOKGBP,-0.07337336662115435
US_Stock_BNDX_adj_open,0.07336639321829018
US_Stock_BND_adj_open,0.07330088388404413
US_Stock_BNDX_adj_low,0.07323377914407192
US_Stock_AGG_adj_open,0.07287182995146345
US_Stock_EWZ_adj_low,-0.07094186100577068
US_Stock_EWZ_adj_high,-0.07092598073033096
US_Stock_EWZ_adj_open,-0.07076539454291395
US_Stock_EWZ_adj_close,-0.06972300840722583
US_Stock_TRGP_adj_volume,0.06945226845649544
US_Stock_SHY_adj_high,0.06935373475650976
US_Stock_LYB_adj_low,-0.06924831651509437
US_Stock_VGSH_adj_low,0.06894414170784816
US_Stock_VGSH_adj_high,0.06885729338856895
US_Stock_SHY_adj_open,0.06876929515932403
US_Stock_VGSH_adj_open,0.06869383529964147
JPX_Gold_Rolling-Spot_Futures_open_interest,-0.06859439783166661
US_Stock_LYB_adj_close,-0.0685472487518319
US_Stock_TECK_adj_open,-0.06852713462640134
US_Stock_IAU_adj_volume,0.06844124248501825
US_Stock_ALB_adj_open,-0.06814964137360299
US_Stock_LYB_adj_open,-0.06811146609656894
US_Stock_SHY_adj_close,0.06810394616677212
US_Stock_TECK_adj_low,-0.06807638828286548
US_Stock_TECK_adj_high,-0.0680267654098507
US_Stock_VGSH_adj_close,0.06790706104531778
US_Stock_TECK_adj_close,-0.06790568937396146
US_Stock_HES_adj_volume,0.06785017132591403
US_Stock_LYB_adj_high,-0.06782322017931008
US_Stock_SHY_adj_low,0.06781577955554226
US_Stock_XOM_adj_volume,0.06769560491426253
US_Stock_FCX_adj_volume,0.06766235961203917
US_Stock_ALB_adj_low,-0.06750835142955265
US_Stock_ALB_adj_high,-0.06709581501586726
US_Stock_BSV_adj_high,0.06694587354697265
US_Stock_ALB_adj_close,-0.06673030852814889
US_Stock_BSV_adj_close,0.06597250789238761
US_Stock_BSV_adj_open,0.0655280012103664
US_Stock_BSV_adj_low,0.06517470236627389
US_Stock_SPYV_adj_volume,0.0645019717773206
FX_CADJPY,-0.0644784112129991
US_Stock_NUE_adj_high,-0.06430543180685763
US_Stock_NUE_adj_open,-0.06430026713253541
US_Stock_TD_adj_open,-0.06427652671949174
US_Stock_TD_adj_low,-0.06396257618438085
US_Stock_NUE_adj_low,-0.06365409226612971
US_Stock_CVE_adj_volume,0.0633844223681504
US_Stock_MPC_adj_low,-0.0630997646924303
US_Stock_TD_adj_high,-0.06306379042187496
US_Stock_MPC_adj_open,-0.06301054356734062
US_Stock_NUE_adj_close,-0.06273056784018947
US_Stock_DE_adj_open,-0.06264378023749725
US_Stock_TRGP_adj_high,-0.06228973749039667
US_Stock_MPC_adj_close,-0.06218707130845739
US_Stock_MPC_adj_high,-0.061933878531805625
US_Stock_TD_adj_close,-0.06179776956810495
US_Stock_FCX_adj_high,-0.06177711514089058
US_Stock_TRGP_adj_open,-0.061774416295646416
US_Stock_FCX_adj_low,-0.06134469990426736
US_Stock_DE_adj_high,-0.06131788972614439
US_Stock_FCX_adj_open,-0.061220964745182474
US_Stock_LYB_adj_volume,0.061118024606990055
US_Stock_FCX_adj_close,-0.061113968327819054
US_Stock_TRGP_adj_close,-0.06082685787014465
US_Stock_DE_adj_low,-0.060795285292959016
US_Stock_TRGP_adj_low,-0.060592114479734206
FX_AUDJPY,-0.06032186316801238
US_Stock_CVX_adj_volume,0.060148091192572244
US_Stock_DE_adj_close,-0.059011561741882546
US_Stock_SPTL_adj_high,0.05898270658448747
US_Stock_VGLT_adj_high,0.05885171359825278
US_Stock_CLF_adj_low,-0.058782680114603955
US_Stock_CLF_adj_open,-0.05875088998954827
US_Stock_SPTL_adj_low,0.05866928660545548
FX_GBPAUD,0.05866618550384031
US_Stock_VGLT_adj_close,0.058493115933247894
LME_PB_Close,-0.0584279781152872
US_Stock_SPTL_adj_close,0.058389691495004024
US_Stock_VGLT_adj_open,0.05836478272480436
US_Stock_VGLT_adj_low,0.05836284997958701
US_Stock_SPTL_adj_open,0.05818978762647869
JPX_Platinum_Mini_Futures_Low,-0.05738903014902727
JPX_Platinum_Standard_Futures_Low,-0.05719434603277323
US_Stock_CLF_adj_close,-0.05701860195900479
FX_ZARJPY,-0.05700909435650982
US_Stock_CLF_adj_high,-0.056975192625279655
US_Stock_LQD_adj_high,0.056910237895324255
JPX_Platinum_Mini_Futures_Close,-0.05680855324355015
US_Stock_LQD_adj_close,0.056709918599083746
FX_EURNZD,0.05669752215587812
JPX_Platinum_Mini_Futures_settlement_price,-0.056505239153598515
JPX_Platinum_Standard_Futures_Close,-0.05642973502954977
JPX_Gold_Rolling-Spot_Futures_Volume,-0.05637196534669996
JPX_Platinum_Standard_Futures_open_interest,-0.05636357453775883
US_Stock_WMB_adj_volume,0.056211061800739315
US_Stock_LQD_adj_low,0.05605075520833017
JPX_Platinum_Mini_Futures_Open,-0.05604386332253181
US_Stock_LQD_adj_open,0.05571062261667254
JPX_Platinum_Mini_Futures_High,-0.055622054352834197
FX_NZDJPY,-0.05553666750654806
JPX_Platinum_Standard_Futures_Open,-0.055486393843625456
JPX_Platinum_Standard_Futures_High,-0.05544121488543317
US_Stock_VALE_adj_low,-0.05543313479697984
US_Stock_VALE_adj_open,-0.05470924204984986
US_Stock_XLE_adj_volume,0.05470669553772335
US_Stock_SPIB_adj_close,0.05450458853995508
US_Stock_SPIB_adj_high,0.05448078017032494
US_Stock_VALE_adj_close,-0.05433906442021621
US_Stock_VALE_adj_high,-0.05420501655589394
US_Stock_SPIB_adj_open,0.0541094802760208
US_Stock_VCIT_adj_high,0.054091664870909446
US_Stock_SPIB_adj_low,0.053929891389788265
US_Stock_VCIT_adj_close,0.053695077721403445
US_Stock_VCIT_adj_low,0.053334463552384886
US_Stock_VCIT_adj_open,0.05315894617117953
JPX_Platinum_Mini_Futures_open_interest,-0.053106019019573396
US_Stock_VYM_adj_open,-0.05195874902315211
US_Stock_VGK_adj_volume,0.05125815290236517
US_Stock_VYM_adj_high,-0.05101787311190976
US_Stock_KMI_adj_volume,0.05088242605822353
FX_USDJPY,-0.0502126128624103
US_Stock_VYM_adj_low,-0.04974342187246509
US_Stock_DVN_adj_volume,0.04964301900778475
US_Stock_VYM_adj_close,-0.04934683660187509
US_Stock_VTV_adj_open,-0.04888954338218245
US_Stock_VTV_adj_high,-0.04807644845566163
FX_CADCHF,-0.04774875851906763
US_Stock_VTV_adj_low,-0.046416930903174475
FX_EURUSD,0.04641222501940517
US_Stock_VXUS_adj_volume,0.04596919675182464
US_Stock_VTV_adj_close,-0.04596313057349896
US_Stock_WMB_adj_open,-0.045051527603594724
US_Stock_ENB_adj_open,-0.044589624636879294
US_Stock_RY_adj_open,-0.04440128191190347
US_Stock_VTV_adj_volume,0.04439249374132635
US_Stock_RY_adj_high,-0.04406480308487382
US_Stock_COP_adj_volume,0.043970299774186546
JPX_RSS3_Rubber_Futures_open_interest,-0.04395454829855621
US_Stock_ENB_adj_high,-0.04383526918765362
US_Stock_PAAS_adj_high,0.04380768315746924
US_Stock_WMB_adj_low,-0.04380621497568214
US_Stock_WMB_adj_high,-0.043798118092372725
US_Stock_KGC_adj_high,0.043534406431254294
FX_AUDNZD,-0.04347790602980569
US_Stock_RY_adj_low,-0.04328854989370996
US_Stock_ENB_adj_low,-0.04328317290763413
US_Stock_PAAS_adj_open,0.042943264978610236
US_Stock_RY_adj_close,-0.042630436714723344
US_Stock_SPYV_adj_open,-0.04260097799263522
US_Stock_ENB_adj_close,-0.042513713073208836
US_Stock_KGC_adj_open,0.04240279090688054
US_Stock_KGC_adj_close,0.042308469630965184
FX_GBPJPY,-0.04226221466509307
US_Stock_WMB_adj_close,-0.04219404335831796
US_Stock_ENB_adj_volume,0.04213525905873662
US_Stock_OXY_adj_volume,0.04194470482128369
US_Stock_PAAS_adj_low,0.0419223460240513
US_Stock_KGC_adj_low,0.04181150740885161
FX_GBPUSD,0.04177432600200559
US_Stock_VCSH_adj_low,0.041684735917774746
US_Stock_PAAS_adj_close,0.041651471753085596
US_Stock_SPYV_adj_high,-0.04164112676911739
US_Stock_RSP_adj_volume,0.041428656414636514
FX_NOKCHF,-0.04132382467107977
US_Stock_STLD_adj_open,-0.04127046017099255
US_Stock_SPYV_adj_low,-0.041146059716151914
US_Stock_MPC_adj_volume,0.041123471852320355
US_Stock_RY_adj_volume,0.04091459677441115
US_Stock_STLD_adj_low,-0.040715742014212755
US_Stock_SPYV_adj_close,-0.04071069308841179
US_Stock_STLD_adj_high,-0.040677890445196714
US_Stock_VCSH_adj_close,0.04051104060443485
US_Stock_EMB_adj_close,0.04038638365615305
FX_ZAREUR,-0.04037065125011503
US_Stock_VCSH_adj_open,0.040366394269593334
US_Stock_STLD_adj_close,-0.04017634905009273
JPX_Platinum_Standard_Futures_Volume,-0.04013755336780821
US_Stock_EMB_adj_low,0.04007127034904564
US_Stock_VCSH_adj_high,0.04001474268658933
US_Stock_TIP_adj_close,0.040004745549555396
US_Stock_TIP_adj_low,0.03995259097470044
US_Stock_BKR_adj_open,-0.03961448273704926
FX_EURJPY,-0.03956204210908828
JPX_Gold_Standard_Futures_Volume,-0.03947711039550256
US_Stock_BKR_adj_low,-0.03933104854044626
US_Stock_XLB_adj_open,-0.039131266212770605
US_Stock_TIP_adj_high,0.03858989196042419
US_Stock_TIP_adj_open,0.03847874061645908
US_Stock_BKR_adj_high,-0.0384178731344229
US_Stock_BKR_adj_close,-0.038383574371651824
US_Stock_EMB_adj_high,0.038372013908504525
FX_GBPNZD,0.03828680692172648
US_Stock_XLB_adj_low,-0.038266311191897565
US_Stock_XLB_adj_high,-0.03817080039126047
US_Stock_IGSB_adj_low,0.03805765997556218
US_Stock_EMB_adj_open,0.03782723081112787
US_Stock_X_adj_high,-0.0377649922261167
US_Stock_CAT_adj_open,-0.03734639496876721
US_Stock_NEM_adj_high,0.037273979383012586
US_Stock_X_adj_close,-0.0372124321252265
US_Stock_IGSB_adj_open,0.03712504874924632
US_Stock_CAT_adj_high,-0.03685701535659704
US_Stock_X_adj_open,-0.036784180188513295
US_Stock_IGSB_adj_close,0.036765804972796835
US_Stock_XLB_adj_close,-0.036630321008678746
US_Stock_RIO_adj_open,-0.036557905118338625
US_Stock_AEM_adj_high,0.0365446162251435
US_Stock_CAT_adj_low,-0.03638374247152716
US_Stock_IGSB_adj_high,0.03621476802254768
US_Stock_AEM_adj_close,0.03619518407421291
US_Stock_NEM_adj_open,0.03613281352712496
US_Stock_X_adj_low,-0.03609524225877854
US_Stock_URA_adj_low,-0.03596833876472219
US_Stock_HL_adj_volume,0.03578572516592392
US_Stock_RIO_adj_high,-0.03535607358616241
US_Stock_FXI_adj_volume,-0.03535293834456649
US_Stock_CAT_adj_close,-0.03525239639818154
US_Stock_URA_adj_open,-0.03512925134381207
US_Stock_AEM_adj_open,0.03502720764139454
US_Stock_RIO_adj_low,-0.035015365428432185
US_Stock_EFA_adj_volume,0.03474241909239398
US_Stock_RIO_adj_close,-0.03461979909551954
US_Stock_AEM_adj_low,0.03454353029648764
US_Stock_NEM_adj_close,0.034234952352287504
US_Stock_NEM_adj_low,0.034216286659711916
US_Stock_CCJ_adj_low,-0.03410592352283273
US_Stock_URA_adj_close,-0.03407390361026096
US_Stock_CCJ_adj_open,-0.03359806107245102
US_Stock_URA_adj_high,-0.033551896140364655
US_Stock_CCJ_adj_close,-0.032852418450302685
US_Stock_CCJ_adj_high,-0.03279786746060839
FX_NOKUSD,-0.032765801498286236
US_Stock_SLV_adj_volume,0.03239745164152389
US_Stock_AMP_adj_open,-0.031701799728789476
FX_CADUSD,-0.031295807331640405
US_Stock_X_adj_volume,0.03101875020436637
US_Stock_AMP_adj_high,-0.03093439804680466
FX_ZARGBP,-0.030890013650456464
US_Stock_BSV_adj_volume,-0.030700930998765363
US_Stock_TD_adj_volume,0.030543952303456082
US_Stock_AMP_adj_low,-0.03041401096399891
US_Stock_ALB_adj_volume,0.030205616047853382
US_Stock_RSP_adj_open,-0.029782893086752162
US_Stock_AMP_adj_close,-0.029328980106793304
US_Stock_RSP_adj_high,-0.029318833458321217
FX_AUDCHF,-0.02878047691950303
US_Stock_RSP_adj_low,-0.02849664141329179
US_Stock_RSP_adj_close,-0.0282662504752028
US_Stock_SCCO_adj_volume,0.02742684005685189
US_Stock_SHEL_adj_volume,0.027371236898217507
US_Stock_URA_adj_volume,-0.02712000851908441
US_Stock_XLB_adj_volume,0.027024405535243202
FX_NZDCAD,0.026967891029858908
US_Stock_DE_adj_volume,0.026895878710596666
US_Stock_OIH_adj_volume,0.026479038974270716
US_Stock_YINN_adj_volume,-0.026414072605908497
FX_CHFJPY,-0.026267963922208586
US_Stock_GDX_adj_high,0.024995393082189347
US_Stock_MS_adj_open,-0.024753140066855663
US_Stock_MS_adj_high,-0.024634979637315993
US_Stock_GDXJ_adj_high,0.024311013388045536
US_Stock_GOLD_adj_high,-0.024301744762847383
LME_ZS_Close,-0.024246039659982437
US_Stock_GDX_adj_open,0.024216318521391934
US_Stock_MS_adj_low,-0.023989142436951764
US_Stock_CCJ_adj_volume,0.02398387864416616
US_Stock_MS_adj_close,-0.023765699108427536
US_Stock_VWO_adj_volume,0.023648744510095264
US_Stock_GDXJ_adj_open,0.023190752873049378
US_Stock_CLF_adj_volume,0.02308930041330156
US_Stock_NUGT_adj_volume,0.022947514665727586
LME_CA_Close,-0.022897948766210454
US_Stock_GDXJ_adj_close,0.02276026634832477
US_Stock_FXI_adj_close,0.022451157205533784
US_Stock_SCCO_adj_open,-0.022323385875077834
US_Stock_SCCO_adj_high,-0.02227686975667386
US_Stock_SCCO_adj_low,-0.02214341968590157
JPX_Gold_Mini_Futures_Volume,0.0221078375730229
US_Stock_GOLD_adj_open,-0.022062294462916552
US_Stock_FXI_adj_high,0.021996391214493018
US_Stock_GDX_adj_low,0.021969473781069854
US_Stock_EEM_adj_close,0.02195470686515984
US_Stock_GDXJ_adj_low,0.021817576073582274
US_Stock_SCCO_adj_close,-0.02164756092608922
US_Stock_GDX_adj_close,0.021579114499901207
US_Stock_FXI_adj_low,0.021435264395394994
US_Stock_GDX_adj_volume,0.021265349707555746
US_Stock_VYM_adj_volume,0.020935883340268708
US_Stock_FXI_adj_open,0.02069318266744121
US_Stock_VGK_adj_open,-0.020389911242752023
FX_ZARCHF,-0.020309985370770965
US_Stock_EEM_adj_low,0.019808093766207808
US_Stock_KGC_adj_volume,0.019604921450996984
US_Stock_EEM_adj_high,0.01952524833535595
US_Stock_EWJ_adj_volume,0.019413201517349647
US_Stock_VGK_adj_low,-0.01931826229848764
US_Stock_VGK_adj_high,-0.019188725256051444
JPX_RSS3_Rubber_Futures_Volume,-0.019173550287645353
US_Stock_MBB_adj_volume,-0.0188419229631928
FX_ZARUSD,-0.018779160105978125
FX_USDCHF,-0.018534274848195465
US_Stock_GDXJ_adj_volume,0.018446963006626856
US_Stock_VGK_adj_close,-0.01797364820659346
US_Stock_EWJ_adj_close,0.01779987351594571
US_Stock_BKR_adj_volume,0.017763114399000402
US_Stock_VEA_adj_volume,0.01771878704282528
US_Stock_EEM_adj_open,0.017696442944471882
LME_AH_Close,-0.01737163262025043
FX_AUDUSD,-0.01734369234038899
US_Stock_EWJ_adj_low,0.016813089017412523
JPX_Gold_Rolling-Spot_Futures_Close,-0.016603715920719596
JPX_Gold_Rolling-Spot_Futures_settlement_price,-0.01657792593896818
JPX_Gold_Standard_Futures_Low,-0.016454399390915322
US_Stock_IEF_adj_volume,0.01642344687860404
JPX_Gold_Mini_Futures_Low,-0.016422060349081946
JPX_Gold_Mini_Futures_Close,-0.016418110580677686
JPX_Gold_Mini_Futures_settlement_price,-0.016376573363988175
JPX_Gold_Standard_Futures_Close,-0.01637239270693573
JPX_Gold_Rolling-Spot_Futures_Low,-0.01636378469209951
JPX_Gold_Rolling-Spot_Futures_High,-0.016183927939213638
JPX_Gold_Standard_Futures_High,-0.016107363308695274
JPX_Gold_Mini_Futures_High,-0.01610126974213758
US_Stock_EMB_adj_volume,-0.016072485779974586
US_Stock_EWJ_adj_open,0.016037267516065972
US_Stock_EWJ_adj_high,0.01589915373790158
US_Stock_EEM_adj_volume,0.015863960399862567
US_Stock_BNDX_adj_volume,0.015844558616046268
JPX_Gold_Standard_Futures_Open,-0.015508882726987914
JPX_Gold_Mini_Futures_Open,-0.015405887634033041
JPX_Gold_Rolling-Spot_Futures_Open,-0.015384198778657519
US_Stock_EFA_adj_open,-0.015259274414030657
JPX_Platinum_Mini_Futures_Volume,-0.015245884454399405
US_Stock_BND_adj_volume,0.015196722956001728
US_Stock_RIO_adj_volume,-0.015057083149149287
US_Stock_GOLD_adj_low,-0.014627575093494665
US_Stock_AG_adj_volume,0.01460745293893821
US_Stock_EFA_adj_low,-0.014507042937117656
US_Stock_AEM_adj_volume,-0.014485489318838368
US_Stock_VEA_adj_open,-0.014474385517097182
FX_NZDCHF,-0.01410301784230853
FX_EURGBP,0.014000671093569433
US_Stock_SPIB_adj_volume,-0.013728900391639435
US_Stock_VEA_adj_low,-0.013704219968622216
US_Stock_EFA_adj_high,-0.013628229910504337
US_Stock_HL_adj_low,-0.01309371544892576
US_Stock_GLD_adj_volume,0.01303928776351087
US_Stock_AGG_adj_volume,0.012995236810806577
FX_GBPCHF,0.012929283632960711
US_Stock_VEA_adj_high,-0.01290932036387454
US_Stock_EFA_adj_close,-0.01276210731584682
US_Stock_SHY_adj_volume,-0.012691988899363026
US_Stock_HL_adj_close,-0.012683891494451534
US_Stock_VT_adj_low,-0.01236620014486505
US_Stock_VT_adj_open,-0.012248445489313335
US_Stock_GOLD_adj_close,-0.012038000618828123
US_Stock_HL_adj_open,-0.011964102497211375
US_Stock_VEA_adj_close,-0.011903933154425944
US_Stock_VT_adj_close,-0.011767041279978574
US_Stock_IEMG_adj_close,0.011741897376825475
FX_EURCHF,0.011699617179653182
US_Stock_VT_adj_high,-0.01141375298209049
US_Stock_IGSB_adj_volume,-0.011395910463104914
US_Stock_BCS_adj_high,-0.011297993888325218
US_Stock_BCS_adj_open,-0.011265364297269868
US_Stock_ACWI_adj_open,-0.011218011683633174
US_Stock_ACWI_adj_low,-0.011211185171953823
US_Stock_EWY_adj_volume,0.010821010299275149
US_Stock_VGLT_adj_volume,0.010813145382372104
US_Stock_ACWI_adj_volume,0.010733796790885179
US_Stock_ACWI_adj_close,-0.010702937303274668
US_Stock_ACWI_adj_high,-0.010649497997989565
US_Stock_NUGT_adj_low,-0.010557667463748999
US_Stock_IEMG_adj_high,0.010551446281224843
US_Stock_BCS_adj_low,-0.010319817742939946
US_Stock_NUGT_adj_close,-0.010228062566257228
US_Stock_JNK_adj_close,0.010212675182697702
US_Stock_MS_adj_volume,0.010139553134752696
FX_AUDCAD,0.010107648923271376
US_Stock_BCS_adj_close,-0.009784952011771897
US_Stock_EWY_adj_close,0.009669877235768584
US_Stock_HL_adj_high,-0.009659071707613046
US_Stock_NUGT_adj_open,-0.00937505456473947
US_Stock_IEMG_adj_low,0.009337400112586049
US_Stock_JNK_adj_low,0.009275393947758708
US_Stock_VXUS_adj_open,-0.008929862214051574
US_Stock_WPM_adj_volume,0.008763445240359335
JPX_RSS3_Rubber_Futures_Open,0.008514731274101503
US_Stock_VXUS_adj_low,-0.00834910491253862
US_Stock_NUGT_adj_high,-0.008345240475048785
US_Stock_YINN_adj_close,0.008248142416806723
US_Stock_EWY_adj_high,0.008203453989064845
US_Stock_IEMG_adj_open,0.008125425024070097
US_Stock_EWY_adj_low,0.00811639602954069
US_Stock_VALE_adj_volume,0.008090031379879226
US_Stock_JNK_adj_high,0.007830599973410833
US_Stock_YINN_adj_low,0.007828114713531065
JPX_RSS3_Rubber_Futures_Low,0.007722717860764725
US_Stock_YINN_adj_high,0.007705291761625909
US_Stock_AG_adj_high,0.0076147878494945784
US_Stock_VXUS_adj_high,-0.007344427636208588
US_Stock_CAT_adj_volume,0.0071386448983970585
US_Stock_WPM_adj_open,0.0070881988817977516
US_Stock_YINN_adj_open,0.007058432917276627
JPX_RSS3_Rubber_Futures_High,0.007024850960712116
US_Stock_VCIT_adj_volume,-0.006955005358824625
US_Stock_NUE_adj_volume,0.006870066728998149
US_Stock_VXUS_adj_close,-0.006827272863202399
US_Stock_AG_adj_close,0.006804334644711631
US_Stock_SPTL_adj_volume,-0.006620478813253309
US_Stock_SLV_adj_open,-0.006533862935078171
US_Stock_JNK_adj_open,0.006428945705388928
US_Stock_FNV_adj_low,-0.006315033846901423
US_Stock_VGIT_adj_volume,-0.006310468975037939
US_Stock_WPM_adj_high,0.006226515211416982
JPX_RSS3_Rubber_Futures_settlement_price,0.005980793263882492
JPX_RSS3_Rubber_Futures_Close,0.005976669972366505
US_Stock_EWY_adj_open,0.005972357481074947
US_Stock_SLV_adj_high,-0.005608621293004561
US_Stock_SLV_adj_low,-0.005601033903884472
US_Stock_GLD_adj_open,0.005577317253545999
US_Stock_FNV_adj_close,-0.005548245919112381
US_Stock_IEMG_adj_volume,0.005529609714361028
US_Stock_VCSH_adj_volume,0.005160202358836676
US_Stock_NEM_adj_volume,0.00514263213573695
US_Stock_STLD_adj_volume,0.005088028985410322
US_Stock_SLV_adj_close,-0.004960672837364886
US_Stock_LQD_adj_volume,0.0049450775415788165
US_Stock_IAU_adj_open,0.004933594077575319
US_Stock_JNK_adj_volume,-0.004840614381415609
US_Stock_GLD_adj_high,0.004763177200140724
US_Stock_IAU_adj_high,0.004421437204011233
US_Stock_GLD_adj_low,0.004342654023862728
US_Stock_PAAS_adj_volume,-0.004250015289496483
US_Stock_AG_adj_low,0.0040647643269869065
US_Stock_WPM_adj_low,0.003948340342954063
US_Stock_AG_adj_open,0.0038829364686150595
US_Stock_IAU_adj_low,0.003819095168789552
FX_NZDUSD,-0.003803548938041751
US_Stock_GLD_adj_close,0.0036174991666110532
US_Stock_AMP_adj_volume,0.0035000160764518257
US_Stock_VT_adj_volume,0.0034374058227034485
US_Stock_IAU_adj_close,0.0031027340692483807
US_Stock_FNV_adj_open,-0.003000015508616941
US_Stock_WPM_adj_close,0.0029100388468676357
US_Stock_FNV_adj_high,-0.002520158385740986
US_Stock_TIP_adj_volume,-0.0023144447557432207
US_Stock_EWT_adj_close,0.0020134516758221186
US_Stock_VWO_adj_close,0.001800771143147306
US_Stock_BCS_adj_volume,0.00149365687078138
US_Stock_EWT_adj_high,0.0014082026255964923
US_Stock_EWT_adj_volume,0.0012323607701848365
US_Stock_TECK_adj_volume,-0.001198672150166326
US_Stock_VWO_adj_high,0.0011430481772582548
US_Stock_EWZ_adj_volume,-0.0010704614646381886
US_Stock_EWT_adj_low,0.0009429087729969003
US_Stock_VWO_adj_open,-0.0005682963667080169
US_Stock_EWT_adj_open,0.0001592994718079259
US_Stock_VWO_adj_low,5.258967893061394e-05
US_Stock_VGSH_adj_volume,1.7448352590427676e-05
