,pct_missing
US_Stock_GOLD_adj_open,0.8735339112697603
US_Stock_GOLD_adj_close,0.8735339112697603
US_Stock_GOLD_adj_high,0.8735339112697603
US_Stock_GOLD_adj_volume,0.8735339112697603
US_Stock_GOLD_adj_low,0.8735339112697603
JPX_Platinum_Standard_Futures_Open,0.059153493115757266
JPX_Gold_Rolling-Spot_Futures_Volume,0.059153493115757266
JPX_Gold_Mini_Futures_Open,0.059153493115757266
JPX_Gold_Rolling-Spot_Futures_Open,0.059153493115757266
JPX_Gold_Standard_Futures_Open,0.059153493115757266
JPX_Platinum_Mini_Futures_Open,0.059153493115757266
JPX_RSS3_Rubber_Futures_Volume,0.059153493115757266
JPX_RSS3_Rubber_Futures_Open,0.059153493115757266
JPX_Gold_Mini_Futures_High,0.059153493115757266
JPX_Gold_Rolling-Spot_Futures_High,0.059153493115757266
JPX_Gold_Standard_Futures_High,0.059153493115757266
JPX_Platinum_Mini_Futures_High,0.059153493115757266
JPX_Platinum_Standard_Futures_High,0.059153493115757266
JPX_Gold_Standard_Futures_Volume,0.059153493115757266
JPX_Platinum_Mini_Futures_settlement_price,0.059153493115757266
JPX_RSS3_Rubber_Futures_settlement_price,0.059153493115757266
JPX_Gold_Mini_Futures_open_interest,0.059153493115757266
JPX_Gold_Rolling-Spot_Futures_open_interest,0.059153493115757266
JPX_Gold_Standard_Futures_open_interest,0.059153493115757266
JPX_Platinum_Mini_Futures_open_interest,0.059153493115757266
JPX_Platinum_Standard_Futures_open_interest,0.059153493115757266
JPX_RSS3_Rubber_Futures_open_interest,0.059153493115757266
JPX_Platinum_Mini_Futures_Volume,0.059153493115757266
JPX_Platinum_Standard_Futures_Volume,0.059153493115757266
JPX_Gold_Standard_Futures_Close,0.059153493115757266
JPX_RSS3_Rubber_Futures_High,0.059153493115757266
JPX_Gold_Mini_Futures_Low,0.059153493115757266
JPX_Gold_Rolling-Spot_Futures_Low,0.059153493115757266
JPX_Gold_Standard_Futures_Low,0.059153493115757266
JPX_Platinum_Mini_Futures_Low,0.059153493115757266
JPX_Gold_Mini_Futures_settlement_price,0.059153493115757266
JPX_Gold_Rolling-Spot_Futures_settlement_price,0.059153493115757266
JPX_Platinum_Standard_Futures_Low,0.059153493115757266
JPX_RSS3_Rubber_Futures_Low,0.059153493115757266
JPX_Gold_Mini_Futures_Close,0.059153493115757266
JPX_Gold_Rolling-Spot_Futures_Close,0.059153493115757266
JPX_Platinum_Mini_Futures_Close,0.059153493115757266
JPX_Platinum_Standard_Futures_Close,0.059153493115757266
JPX_RSS3_Rubber_Futures_Close,0.059153493115757266
JPX_Gold_Mini_Futures_Volume,0.059153493115757266
US_Stock_X_adj_low,0.046914839367669554
US_Stock_X_adj_open,0.046914839367669554
US_Stock_X_adj_close,0.046914839367669554
US_Stock_X_adj_high,0.046914839367669554
US_Stock_X_adj_volume,0.046914839367669554
US_Stock_HES_adj_high,0.03671596124426313
US_Stock_HES_adj_open,0.03671596124426313
US_Stock_HES_adj_low,0.03671596124426313
US_Stock_HES_adj_close,0.03671596124426313
US_Stock_HES_adj_volume,0.03671596124426313
US_Stock_SHEL_adj_open,0.03467618561958185
US_Stock_SHEL_adj_volume,0.03467618561958185
US_Stock_SHEL_adj_low,0.03467618561958185
US_Stock_SHEL_adj_high,0.03467618561958185
US_Stock_SHEL_adj_close,0.03467618561958185
US_Stock_EOG_adj_open,0.034166241713411524
US_Stock_EWJ_adj_open,0.034166241713411524
US_Stock_EWT_adj_open,0.034166241713411524
US_Stock_EWY_adj_open,0.034166241713411524
US_Stock_EWZ_adj_open,0.034166241713411524
US_Stock_FCX_adj_open,0.034166241713411524
US_Stock_FNV_adj_open,0.034166241713411524
US_Stock_FXI_adj_open,0.034166241713411524
US_Stock_GDX_adj_open,0.034166241713411524
US_Stock_GDXJ_adj_open,0.034166241713411524
US_Stock_GLD_adj_open,0.034166241713411524
US_Stock_AGG_adj_open,0.034166241713411524
US_Stock_ALB_adj_open,0.034166241713411524
US_Stock_AMP_adj_open,0.034166241713411524
US_Stock_BCS_adj_open,0.034166241713411524
US_Stock_BKR_adj_open,0.034166241713411524
US_Stock_IEF_adj_open,0.034166241713411524
US_Stock_IEMG_adj_open,0.034166241713411524
US_Stock_IGSB_adj_open,0.034166241713411524
US_Stock_JNK_adj_open,0.034166241713411524
US_Stock_KGC_adj_open,0.034166241713411524
US_Stock_KMI_adj_open,0.034166241713411524
US_Stock_LQD_adj_open,0.034166241713411524
US_Stock_LYB_adj_open,0.034166241713411524
US_Stock_MBB_adj_open,0.034166241713411524
US_Stock_MPC_adj_open,0.034166241713411524
US_Stock_MS_adj_open,0.034166241713411524
US_Stock_DVN_adj_open,0.034166241713411524
US_Stock_EEM_adj_open,0.034166241713411524
US_Stock_EFA_adj_open,0.034166241713411524
US_Stock_EMB_adj_open,0.034166241713411524
US_Stock_ENB_adj_open,0.034166241713411524
US_Stock_OXY_adj_open,0.034166241713411524
US_Stock_PAAS_adj_open,0.034166241713411524
US_Stock_RIO_adj_open,0.034166241713411524
US_Stock_RSP_adj_open,0.034166241713411524
US_Stock_RY_adj_open,0.034166241713411524
US_Stock_SCCO_adj_open,0.034166241713411524
US_Stock_SHY_adj_open,0.034166241713411524
US_Stock_SLB_adj_open,0.034166241713411524
US_Stock_SLV_adj_open,0.034166241713411524
US_Stock_SPIB_adj_open,0.034166241713411524
US_Stock_HAL_adj_open,0.034166241713411524
US_Stock_HL_adj_open,0.034166241713411524
US_Stock_IAU_adj_open,0.034166241713411524
US_Stock_TIP_adj_open,0.034166241713411524
US_Stock_TRGP_adj_open,0.034166241713411524
US_Stock_URA_adj_open,0.034166241713411524
US_Stock_VALE_adj_open,0.034166241713411524
US_Stock_VCIT_adj_open,0.034166241713411524
US_Stock_VCSH_adj_open,0.034166241713411524
US_Stock_VEA_adj_open,0.034166241713411524
US_Stock_VGIT_adj_open,0.034166241713411524
US_Stock_VGK_adj_open,0.034166241713411524
US_Stock_VGLT_adj_open,0.034166241713411524
US_Stock_VGSH_adj_open,0.034166241713411524
US_Stock_NEM_adj_open,0.034166241713411524
US_Stock_NUE_adj_open,0.034166241713411524
US_Stock_NUGT_adj_open,0.034166241713411524
US_Stock_OIH_adj_open,0.034166241713411524
US_Stock_OKE_adj_open,0.034166241713411524
US_Stock_WMB_adj_open,0.034166241713411524
US_Stock_WPM_adj_open,0.034166241713411524
US_Stock_XLB_adj_open,0.034166241713411524
US_Stock_XLE_adj_open,0.034166241713411524
US_Stock_XOM_adj_open,0.034166241713411524
US_Stock_YINN_adj_open,0.034166241713411524
US_Stock_ACWI_adj_high,0.034166241713411524
US_Stock_AEM_adj_high,0.034166241713411524
US_Stock_AG_adj_high,0.034166241713411524
US_Stock_AGG_adj_high,0.034166241713411524
US_Stock_SPTL_adj_open,0.034166241713411524
US_Stock_SPYV_adj_open,0.034166241713411524
US_Stock_STLD_adj_open,0.034166241713411524
US_Stock_TD_adj_open,0.034166241713411524
US_Stock_TECK_adj_open,0.034166241713411524
US_Stock_BNDX_adj_high,0.034166241713411524
US_Stock_BP_adj_high,0.034166241713411524
US_Stock_BSV_adj_high,0.034166241713411524
US_Stock_CAT_adj_high,0.034166241713411524
US_Stock_CCJ_adj_high,0.034166241713411524
US_Stock_CLF_adj_high,0.034166241713411524
US_Stock_COP_adj_high,0.034166241713411524
US_Stock_CVE_adj_high,0.034166241713411524
US_Stock_CVX_adj_high,0.034166241713411524
US_Stock_DE_adj_high,0.034166241713411524
US_Stock_DVN_adj_high,0.034166241713411524
US_Stock_VT_adj_open,0.034166241713411524
US_Stock_VTV_adj_open,0.034166241713411524
US_Stock_VWO_adj_open,0.034166241713411524
US_Stock_VXUS_adj_open,0.034166241713411524
US_Stock_VYM_adj_open,0.034166241713411524
US_Stock_EWJ_adj_high,0.034166241713411524
US_Stock_EWT_adj_high,0.034166241713411524
US_Stock_EWY_adj_high,0.034166241713411524
US_Stock_EWZ_adj_high,0.034166241713411524
US_Stock_FCX_adj_high,0.034166241713411524
US_Stock_FNV_adj_high,0.034166241713411524
US_Stock_FXI_adj_high,0.034166241713411524
US_Stock_GDX_adj_high,0.034166241713411524
US_Stock_GDXJ_adj_high,0.034166241713411524
US_Stock_GLD_adj_high,0.034166241713411524
US_Stock_ALB_adj_high,0.034166241713411524
US_Stock_AMP_adj_high,0.034166241713411524
US_Stock_BCS_adj_high,0.034166241713411524
US_Stock_BKR_adj_high,0.034166241713411524
US_Stock_BND_adj_high,0.034166241713411524
US_Stock_IEMG_adj_high,0.034166241713411524
US_Stock_IGSB_adj_high,0.034166241713411524
US_Stock_JNK_adj_high,0.034166241713411524
US_Stock_KGC_adj_high,0.034166241713411524
US_Stock_KMI_adj_high,0.034166241713411524
US_Stock_LQD_adj_high,0.034166241713411524
US_Stock_LYB_adj_high,0.034166241713411524
US_Stock_MBB_adj_high,0.034166241713411524
US_Stock_MPC_adj_high,0.034166241713411524
US_Stock_MS_adj_high,0.034166241713411524
US_Stock_NEM_adj_high,0.034166241713411524
US_Stock_EEM_adj_high,0.034166241713411524
US_Stock_EFA_adj_high,0.034166241713411524
US_Stock_EMB_adj_high,0.034166241713411524
US_Stock_ENB_adj_high,0.034166241713411524
US_Stock_EOG_adj_high,0.034166241713411524
US_Stock_PAAS_adj_high,0.034166241713411524
US_Stock_RIO_adj_high,0.034166241713411524
US_Stock_RSP_adj_high,0.034166241713411524
US_Stock_RY_adj_high,0.034166241713411524
US_Stock_SCCO_adj_high,0.034166241713411524
US_Stock_SHY_adj_high,0.034166241713411524
US_Stock_SLB_adj_high,0.034166241713411524
US_Stock_SLV_adj_high,0.034166241713411524
US_Stock_SPIB_adj_high,0.034166241713411524
US_Stock_SPTL_adj_high,0.034166241713411524
US_Stock_HAL_adj_high,0.034166241713411524
US_Stock_HL_adj_high,0.034166241713411524
US_Stock_IAU_adj_high,0.034166241713411524
US_Stock_IEF_adj_high,0.034166241713411524
US_Stock_TRGP_adj_high,0.034166241713411524
US_Stock_URA_adj_high,0.034166241713411524
US_Stock_VALE_adj_high,0.034166241713411524
US_Stock_VCIT_adj_high,0.034166241713411524
US_Stock_VCSH_adj_high,0.034166241713411524
US_Stock_VEA_adj_high,0.034166241713411524
US_Stock_VGIT_adj_high,0.034166241713411524
US_Stock_VGK_adj_high,0.034166241713411524
US_Stock_VGLT_adj_high,0.034166241713411524
US_Stock_VGSH_adj_high,0.034166241713411524
US_Stock_VT_adj_high,0.034166241713411524
US_Stock_NUE_adj_high,0.034166241713411524
US_Stock_NUGT_adj_high,0.034166241713411524
US_Stock_OIH_adj_high,0.034166241713411524
US_Stock_OKE_adj_high,0.034166241713411524
US_Stock_OXY_adj_high,0.034166241713411524
US_Stock_WPM_adj_high,0.034166241713411524
US_Stock_XLB_adj_high,0.034166241713411524
US_Stock_XLE_adj_high,0.034166241713411524
US_Stock_XOM_adj_high,0.034166241713411524
US_Stock_YINN_adj_high,0.034166241713411524
US_Stock_ACWI_adj_low,0.034166241713411524
US_Stock_AEM_adj_low,0.034166241713411524
US_Stock_AG_adj_low,0.034166241713411524
US_Stock_AGG_adj_low,0.034166241713411524
US_Stock_ALB_adj_low,0.034166241713411524
US_Stock_SPYV_adj_high,0.034166241713411524
US_Stock_STLD_adj_high,0.034166241713411524
US_Stock_TD_adj_high,0.034166241713411524
US_Stock_TECK_adj_high,0.034166241713411524
US_Stock_TIP_adj_high,0.034166241713411524
US_Stock_BP_adj_low,0.034166241713411524
US_Stock_BSV_adj_low,0.034166241713411524
US_Stock_CAT_adj_low,0.034166241713411524
US_Stock_CCJ_adj_low,0.034166241713411524
US_Stock_CLF_adj_low,0.034166241713411524
US_Stock_COP_adj_low,0.034166241713411524
US_Stock_CVE_adj_low,0.034166241713411524
US_Stock_CVX_adj_low,0.034166241713411524
US_Stock_DE_adj_low,0.034166241713411524
US_Stock_DVN_adj_low,0.034166241713411524
US_Stock_EEM_adj_low,0.034166241713411524
US_Stock_VTV_adj_high,0.034166241713411524
US_Stock_VWO_adj_high,0.034166241713411524
US_Stock_VXUS_adj_high,0.034166241713411524
US_Stock_VYM_adj_high,0.034166241713411524
US_Stock_WMB_adj_high,0.034166241713411524
US_Stock_EWT_adj_low,0.034166241713411524
US_Stock_EWY_adj_low,0.034166241713411524
US_Stock_EWZ_adj_low,0.034166241713411524
US_Stock_FCX_adj_low,0.034166241713411524
US_Stock_FNV_adj_low,0.034166241713411524
US_Stock_FXI_adj_low,0.034166241713411524
US_Stock_GDX_adj_low,0.034166241713411524
US_Stock_GDXJ_adj_low,0.034166241713411524
US_Stock_GLD_adj_low,0.034166241713411524
US_Stock_HAL_adj_low,0.034166241713411524
US_Stock_AMP_adj_low,0.034166241713411524
US_Stock_BCS_adj_low,0.034166241713411524
US_Stock_BKR_adj_low,0.034166241713411524
US_Stock_BND_adj_low,0.034166241713411524
US_Stock_BNDX_adj_low,0.034166241713411524
US_Stock_IGSB_adj_low,0.034166241713411524
US_Stock_JNK_adj_low,0.034166241713411524
US_Stock_KGC_adj_low,0.034166241713411524
US_Stock_KMI_adj_low,0.034166241713411524
US_Stock_LQD_adj_low,0.034166241713411524
US_Stock_LYB_adj_low,0.034166241713411524
US_Stock_MBB_adj_low,0.034166241713411524
US_Stock_MPC_adj_low,0.034166241713411524
US_Stock_MS_adj_low,0.034166241713411524
US_Stock_NEM_adj_low,0.034166241713411524
US_Stock_NUE_adj_low,0.034166241713411524
US_Stock_EFA_adj_low,0.034166241713411524
US_Stock_EMB_adj_low,0.034166241713411524
US_Stock_ENB_adj_low,0.034166241713411524
US_Stock_EOG_adj_low,0.034166241713411524
US_Stock_EWJ_adj_low,0.034166241713411524
US_Stock_RIO_adj_low,0.034166241713411524
US_Stock_RSP_adj_low,0.034166241713411524
US_Stock_RY_adj_low,0.034166241713411524
US_Stock_SCCO_adj_low,0.034166241713411524
US_Stock_XOM_adj_volume,0.034166241713411524
US_Stock_SHY_adj_low,0.034166241713411524
US_Stock_SLB_adj_low,0.034166241713411524
US_Stock_SLV_adj_low,0.034166241713411524
US_Stock_SPIB_adj_low,0.034166241713411524
US_Stock_SPTL_adj_low,0.034166241713411524
US_Stock_SPYV_adj_low,0.034166241713411524
US_Stock_XLE_adj_volume,0.034166241713411524
US_Stock_HL_adj_low,0.034166241713411524
US_Stock_IAU_adj_low,0.034166241713411524
US_Stock_IEF_adj_low,0.034166241713411524
US_Stock_IEMG_adj_low,0.034166241713411524
US_Stock_URA_adj_low,0.034166241713411524
US_Stock_VALE_adj_low,0.034166241713411524
US_Stock_VCIT_adj_low,0.034166241713411524
US_Stock_VCSH_adj_low,0.034166241713411524
US_Stock_VEA_adj_low,0.034166241713411524
US_Stock_VGIT_adj_low,0.034166241713411524
US_Stock_VGK_adj_low,0.034166241713411524
US_Stock_VGLT_adj_low,0.034166241713411524
US_Stock_VGSH_adj_low,0.034166241713411524
US_Stock_VT_adj_low,0.034166241713411524
US_Stock_VTV_adj_low,0.034166241713411524
US_Stock_NUGT_adj_low,0.034166241713411524
US_Stock_OIH_adj_low,0.034166241713411524
US_Stock_OKE_adj_low,0.034166241713411524
US_Stock_OXY_adj_low,0.034166241713411524
US_Stock_PAAS_adj_low,0.034166241713411524
US_Stock_RSP_adj_volume,0.034166241713411524
US_Stock_XLB_adj_low,0.034166241713411524
US_Stock_XLE_adj_low,0.034166241713411524
US_Stock_XOM_adj_low,0.034166241713411524
US_Stock_YINN_adj_low,0.034166241713411524
US_Stock_ACWI_adj_close,0.034166241713411524
US_Stock_AEM_adj_close,0.034166241713411524
US_Stock_AG_adj_close,0.034166241713411524
US_Stock_AGG_adj_close,0.034166241713411524
US_Stock_ALB_adj_close,0.034166241713411524
US_Stock_AMP_adj_close,0.034166241713411524
US_Stock_STLD_adj_low,0.034166241713411524
US_Stock_TD_adj_low,0.034166241713411524
US_Stock_TECK_adj_low,0.034166241713411524
US_Stock_TIP_adj_low,0.034166241713411524
US_Stock_TRGP_adj_low,0.034166241713411524
US_Stock_BSV_adj_close,0.034166241713411524
US_Stock_CAT_adj_close,0.034166241713411524
US_Stock_CCJ_adj_close,0.034166241713411524
US_Stock_CLF_adj_close,0.034166241713411524
US_Stock_COP_adj_close,0.034166241713411524
US_Stock_CVE_adj_close,0.034166241713411524
US_Stock_CVX_adj_close,0.034166241713411524
US_Stock_DE_adj_close,0.034166241713411524
US_Stock_DVN_adj_close,0.034166241713411524
US_Stock_EEM_adj_close,0.034166241713411524
US_Stock_EFA_adj_close,0.034166241713411524
US_Stock_VWO_adj_low,0.034166241713411524
US_Stock_VXUS_adj_low,0.034166241713411524
US_Stock_VYM_adj_low,0.034166241713411524
US_Stock_WMB_adj_low,0.034166241713411524
US_Stock_WPM_adj_low,0.034166241713411524
US_Stock_EWY_adj_close,0.034166241713411524
US_Stock_EWZ_adj_close,0.034166241713411524
US_Stock_FCX_adj_close,0.034166241713411524
US_Stock_FNV_adj_close,0.034166241713411524
US_Stock_FXI_adj_close,0.034166241713411524
US_Stock_GDX_adj_close,0.034166241713411524
US_Stock_GDXJ_adj_close,0.034166241713411524
US_Stock_GLD_adj_close,0.034166241713411524
US_Stock_TECK_adj_volume,0.034166241713411524
US_Stock_HAL_adj_close,0.034166241713411524
US_Stock_TIP_adj_volume,0.034166241713411524
US_Stock_BCS_adj_close,0.034166241713411524
US_Stock_BKR_adj_close,0.034166241713411524
US_Stock_BND_adj_close,0.034166241713411524
US_Stock_BNDX_adj_close,0.034166241713411524
US_Stock_BP_adj_close,0.034166241713411524
US_Stock_JNK_adj_close,0.034166241713411524
US_Stock_KGC_adj_close,0.034166241713411524
US_Stock_KMI_adj_close,0.034166241713411524
US_Stock_LQD_adj_close,0.034166241713411524
US_Stock_LYB_adj_close,0.034166241713411524
US_Stock_MBB_adj_close,0.034166241713411524
US_Stock_MPC_adj_close,0.034166241713411524
US_Stock_MS_adj_close,0.034166241713411524
US_Stock_NEM_adj_close,0.034166241713411524
US_Stock_NUE_adj_close,0.034166241713411524
US_Stock_NUGT_adj_close,0.034166241713411524
US_Stock_EMB_adj_close,0.034166241713411524
US_Stock_ENB_adj_close,0.034166241713411524
US_Stock_EOG_adj_close,0.034166241713411524
US_Stock_EWJ_adj_close,0.034166241713411524
US_Stock_EWT_adj_close,0.034166241713411524
US_Stock_RSP_adj_close,0.034166241713411524
US_Stock_RY_adj_close,0.034166241713411524
US_Stock_SCCO_adj_close,0.034166241713411524
US_Stock_TRGP_adj_volume,0.034166241713411524
US_Stock_SHY_adj_close,0.034166241713411524
US_Stock_SLB_adj_close,0.034166241713411524
US_Stock_SLV_adj_close,0.034166241713411524
US_Stock_SPIB_adj_close,0.034166241713411524
US_Stock_SPTL_adj_close,0.034166241713411524
US_Stock_SPYV_adj_close,0.034166241713411524
US_Stock_STLD_adj_close,0.034166241713411524
US_Stock_HL_adj_close,0.034166241713411524
US_Stock_IAU_adj_close,0.034166241713411524
US_Stock_IEF_adj_close,0.034166241713411524
US_Stock_IEMG_adj_close,0.034166241713411524
US_Stock_IGSB_adj_close,0.034166241713411524
US_Stock_VALE_adj_close,0.034166241713411524
US_Stock_VCIT_adj_close,0.034166241713411524
US_Stock_VCSH_adj_close,0.034166241713411524
US_Stock_VEA_adj_close,0.034166241713411524
US_Stock_VGIT_adj_close,0.034166241713411524
US_Stock_VGK_adj_close,0.034166241713411524
US_Stock_VGLT_adj_close,0.034166241713411524
US_Stock_VGSH_adj_close,0.034166241713411524
US_Stock_VT_adj_close,0.034166241713411524
US_Stock_VTV_adj_close,0.034166241713411524
US_Stock_VWO_adj_close,0.034166241713411524
US_Stock_OIH_adj_close,0.034166241713411524
US_Stock_OKE_adj_close,0.034166241713411524
US_Stock_OXY_adj_close,0.034166241713411524
US_Stock_PAAS_adj_close,0.034166241713411524
US_Stock_RIO_adj_close,0.034166241713411524
US_Stock_XLB_adj_close,0.034166241713411524
US_Stock_XLE_adj_close,0.034166241713411524
US_Stock_XOM_adj_close,0.034166241713411524
US_Stock_YINN_adj_close,0.034166241713411524
US_Stock_ACWI_adj_volume,0.034166241713411524
US_Stock_AEM_adj_volume,0.034166241713411524
US_Stock_AG_adj_volume,0.034166241713411524
US_Stock_AGG_adj_volume,0.034166241713411524
US_Stock_ALB_adj_volume,0.034166241713411524
US_Stock_AMP_adj_volume,0.034166241713411524
US_Stock_BCS_adj_volume,0.034166241713411524
US_Stock_TD_adj_close,0.034166241713411524
US_Stock_TECK_adj_close,0.034166241713411524
US_Stock_TIP_adj_close,0.034166241713411524
US_Stock_TRGP_adj_close,0.034166241713411524
US_Stock_URA_adj_close,0.034166241713411524
US_Stock_CAT_adj_volume,0.034166241713411524
US_Stock_CCJ_adj_volume,0.034166241713411524
US_Stock_CLF_adj_volume,0.034166241713411524
US_Stock_COP_adj_volume,0.034166241713411524
US_Stock_CVE_adj_volume,0.034166241713411524
US_Stock_CVX_adj_volume,0.034166241713411524
US_Stock_DE_adj_volume,0.034166241713411524
US_Stock_DVN_adj_volume,0.034166241713411524
US_Stock_EEM_adj_volume,0.034166241713411524
US_Stock_EFA_adj_volume,0.034166241713411524
US_Stock_EMB_adj_volume,0.034166241713411524
US_Stock_VXUS_adj_close,0.034166241713411524
US_Stock_VYM_adj_close,0.034166241713411524
US_Stock_WMB_adj_close,0.034166241713411524
US_Stock_WPM_adj_close,0.034166241713411524
US_Stock_URA_adj_volume,0.034166241713411524
US_Stock_EWZ_adj_volume,0.034166241713411524
US_Stock_FCX_adj_volume,0.034166241713411524
US_Stock_FNV_adj_volume,0.034166241713411524
US_Stock_FXI_adj_volume,0.034166241713411524
US_Stock_GDX_adj_volume,0.034166241713411524
US_Stock_GDXJ_adj_volume,0.034166241713411524
US_Stock_GLD_adj_volume,0.034166241713411524
US_Stock_VALE_adj_volume,0.034166241713411524
US_Stock_HAL_adj_volume,0.034166241713411524
US_Stock_ACWI_adj_open,0.034166241713411524
US_Stock_HL_adj_volume,0.034166241713411524
US_Stock_BKR_adj_volume,0.034166241713411524
US_Stock_BND_adj_volume,0.034166241713411524
US_Stock_BNDX_adj_volume,0.034166241713411524
US_Stock_BP_adj_volume,0.034166241713411524
US_Stock_BSV_adj_volume,0.034166241713411524
US_Stock_KGC_adj_volume,0.034166241713411524
US_Stock_KMI_adj_volume,0.034166241713411524
US_Stock_LQD_adj_volume,0.034166241713411524
US_Stock_LYB_adj_volume,0.034166241713411524
US_Stock_MBB_adj_volume,0.034166241713411524
US_Stock_MPC_adj_volume,0.034166241713411524
US_Stock_MS_adj_volume,0.034166241713411524
US_Stock_NEM_adj_volume,0.034166241713411524
US_Stock_NUE_adj_volume,0.034166241713411524
US_Stock_NUGT_adj_volume,0.034166241713411524
US_Stock_OIH_adj_volume,0.034166241713411524
US_Stock_ENB_adj_volume,0.034166241713411524
US_Stock_EOG_adj_volume,0.034166241713411524
US_Stock_EWJ_adj_volume,0.034166241713411524
US_Stock_EWT_adj_volume,0.034166241713411524
US_Stock_EWY_adj_volume,0.034166241713411524
US_Stock_RY_adj_volume,0.034166241713411524
US_Stock_SCCO_adj_volume,0.034166241713411524
US_Stock_AEM_adj_open,0.034166241713411524
US_Stock_SHY_adj_volume,0.034166241713411524
US_Stock_SLB_adj_volume,0.034166241713411524
US_Stock_SLV_adj_volume,0.034166241713411524
US_Stock_SPIB_adj_volume,0.034166241713411524
US_Stock_SPTL_adj_volume,0.034166241713411524
US_Stock_SPYV_adj_volume,0.034166241713411524
US_Stock_STLD_adj_volume,0.034166241713411524
US_Stock_TD_adj_volume,0.034166241713411524
US_Stock_IAU_adj_volume,0.034166241713411524
US_Stock_IEF_adj_volume,0.034166241713411524
US_Stock_IEMG_adj_volume,0.034166241713411524
US_Stock_IGSB_adj_volume,0.034166241713411524
US_Stock_JNK_adj_volume,0.034166241713411524
US_Stock_AG_adj_open,0.034166241713411524
US_Stock_BND_adj_open,0.034166241713411524
US_Stock_BNDX_adj_open,0.034166241713411524
US_Stock_BP_adj_open,0.034166241713411524
US_Stock_BSV_adj_open,0.034166241713411524
US_Stock_CAT_adj_open,0.034166241713411524
US_Stock_CCJ_adj_open,0.034166241713411524
US_Stock_CLF_adj_open,0.034166241713411524
US_Stock_COP_adj_open,0.034166241713411524
US_Stock_CVE_adj_open,0.034166241713411524
US_Stock_CVX_adj_open,0.034166241713411524
US_Stock_VYM_adj_volume,0.034166241713411524
US_Stock_WMB_adj_volume,0.034166241713411524
US_Stock_WPM_adj_volume,0.034166241713411524
US_Stock_DE_adj_open,0.034166241713411524
US_Stock_XLB_adj_volume,0.034166241713411524
US_Stock_VCIT_adj_volume,0.034166241713411524
US_Stock_VCSH_adj_volume,0.034166241713411524
US_Stock_VEA_adj_volume,0.034166241713411524
US_Stock_VGIT_adj_volume,0.034166241713411524
US_Stock_VGK_adj_volume,0.034166241713411524
US_Stock_VGLT_adj_volume,0.034166241713411524
US_Stock_VGSH_adj_volume,0.034166241713411524
US_Stock_VT_adj_volume,0.034166241713411524
US_Stock_VTV_adj_volume,0.034166241713411524
US_Stock_VWO_adj_volume,0.034166241713411524
US_Stock_VXUS_adj_volume,0.034166241713411524
US_Stock_OKE_adj_volume,0.034166241713411524
US_Stock_OXY_adj_volume,0.034166241713411524
US_Stock_PAAS_adj_volume,0.034166241713411524
US_Stock_RIO_adj_volume,0.034166241713411524
US_Stock_YINN_adj_volume,0.034166241713411524
LME_AH_Close,0.026007139214686385
LME_CA_Close,0.026007139214686385
LME_PB_Close,0.026007139214686385
LME_ZS_Close,0.026007139214686385
date_id,0.0
FX_GBPAUD,0.0
FX_GBPJPY,0.0
FX_GBPUSD,0.0
FX_NZDJPY,0.0
FX_NZDUSD,0.0
FX_USDCHF,0.0
FX_USDJPY,0.0
FX_ZARJPY,0.0
FX_ZARUSD,0.0
FX_NOKUSD,0.0
FX_NOKEUR,0.0
FX_CADUSD,0.0
FX_AUDNZD,0.0
FX_EURCHF,0.0
FX_EURCAD,0.0
FX_AUDCAD,0.0
FX_AUDJPY,0.0
FX_AUDUSD,0.0
FX_CADJPY,0.0
FX_CHFJPY,0.0
FX_EURAUD,0.0
FX_EURGBP,0.0
FX_EURJPY,0.0
FX_EURUSD,0.0
FX_GBPCHF,0.0
FX_EURNZD,0.0
FX_AUDCHF,0.0
FX_GBPNZD,0.0
FX_GBPCAD,0.0
FX_CADCHF,0.0
FX_NZDCAD,0.0
FX_NZDCHF,0.0
FX_ZAREUR,0.0
FX_NOKGBP,0.0
FX_NOKCHF,0.0
FX_ZARCHF,0.0
FX_NOKJPY,0.0
FX_ZARGBP,0.0
